Order ID,Order Date,Region,Category,Sub-Category,Product Name,Quantity,Discount,Sales,Profit
ORD-00001,2025-10-16,West,Furniture,Bookcases,Metal Bookcase,4,0.05,508.92,-73.97
ORD-00002,2025-07-12,West,Technology,Accessories,Keyboard,1,0,190.54,10
ORD-00003,2024-01-28,East,Technology,Machines,Shredder,7,0.05,2560.27,-165.22
ORD-00004,2024-01-07,East,Technology,Accessories,Mouse,5,0.05,927.98,147.28
ORD-00005,2024-04-14,West,Office Supplies,Binders,Ring Binder,6,0.2,1290.06,-270.93
ORD-00006,2025-04-15,West,Office Supplies,Binders,Presentation Binder,5,0.3,2323.81,328.55
ORD-00007,2025-08-14,East,Technology,Phones,Smartphone,4,0.1,3075.04,579.48
ORD-00008,2024-04-13,South,Office Supplies,Paper,Notebook Paper,6,0.05,1829.29,-175.84
ORD-00009,2024-09-30,West,Technology,Machines,Printer,4,0.05,1503.22,-102.71
ORD-00010,2025-10-17,East,Technology,Accessories,Keyboard,4,0,2591.74,11.76
ORD-00011,2024-03-08,East,Technology,Machines,Scanner,4,0.3,1514.78,230.18
ORD-00012,2025-10-20,South,Furniture,Tables,Office Table,4,0.3,1694.11,-227.25
ORD-00013,2025-08-21,South,Technology,Accessories,Mouse,4,0.05,1648.85,-248.45
ORD-00014,2024-02-18,West,Furniture,Bookcases,Wood Bookcase,7,0.2,462.52,-25.19
ORD-00015,2025-04-24,Central,Technology,Phones,Office Phone,2,0.3,1313.75,118.77
ORD-00016,2025-10-18,Central,Furniture,Tables,Conference Table,3,0.15,65.06,7.46
ORD-00017,2024-09-26,East,Technology,Phones,Office Phone,5,0.3,1923.89,-314.56
ORD-00018,2025-01-17,East,Technology,Machines,Printer,6,0.15,203.23,42.66
ORD-00019,2024-11-10,East,Furniture,Chairs,Conference Chair,2,0,1181.78,230.89
ORD-00020,2025-06-29,East,Furniture,Bookcases,Metal Bookcase,3,0.1,1262.39,93.46
ORD-00021,2024-08-04,East,Technology,Accessories,Mouse,6,0.15,4167.81,-40.91
ORD-00022,2024-09-10,East,Furniture,Tables,Office Table,4,0.2,728.72,-143.81
ORD-00023,2025-10-08,West,Furniture,Chairs,Office Chair,6,0,2526.25,-131.11
ORD-00024,2025-05-12,East,Technology,Phones,Office Phone,8,0.05,4992.82,893.46
ORD-00025,2024-07-13,West,Furniture,Bookcases,Metal Bookcase,6,0.15,1967.31,353.85
ORD-00026,2024-02-25,West,Furniture,Tables,Computer Table,6,0,1283.71,-118.75
ORD-00027,2025-04-04,East,Office Supplies,Binders,Ring Binder,8,0.05,5546.58,-875.38
ORD-00028,2025-07-17,West,Furniture,Bookcases,Wood Bookcase,2,0.05,295.7,9.14
ORD-00029,2024-08-06,South,Furniture,Chairs,Ergonomic Chair,1,0.15,218.35,31.26
ORD-00030,2025-04-10,Central,Office Supplies,Storage,Desk Organizer,8,0.05,1328.15,-122.66
ORD-00031,2024-02-29,West,Technology,Accessories,Keyboard,1,0.2,372.3,71.82
ORD-00032,2025-06-27,East,Furniture,Bookcases,Wood Bookcase,3,0,1452.38,189.68
ORD-00033,2024-08-28,South,Furniture,Bookcases,Wood Bookcase,1,0.2,79.75,5.77
ORD-00034,2025-08-01,Central,Office Supplies,Binders,Presentation Binder,6,0.05,1346.04,-178.08
ORD-00035,2025-10-22,Central,Office Supplies,Paper,Copy Paper,1,0.15,485.59,20.14
ORD-00036,2024-04-12,West,Technology,Phones,Office Phone,5,0.05,3692.97,785.49
ORD-00037,2024-09-07,Central,Office Supplies,Binders,Ring Binder,5,0.2,3740.18,528.36
ORD-00038,2025-06-25,West,Technology,Machines,Scanner,2,0.05,446.91,96.88
ORD-00039,2025-07-20,East,Office Supplies,Paper,Notebook Paper,4,0.3,1063.55,65.14
ORD-00040,2024-09-27,South,Office Supplies,Binders,Premium Binder,7,0.1,371.2,-19.14
ORD-00041,2024-05-13,Central,Furniture,Bookcases,Metal Bookcase,7,0.2,183.16,-35.79
ORD-00042,2025-12-08,East,Technology,Phones,Business Phone,3,0.15,344.79,-26.1
ORD-00043,2024-02-10,Central,Furniture,Bookcases,Wood Bookcase,2,0.1,1225.56,247.2
ORD-00044,2025-02-20,East,Furniture,Chairs,Office Chair,7,0,1119.31,274.53
ORD-00045,2025-02-25,East,Office Supplies,Binders,Presentation Binder,2,0.15,1348.06,239.22
ORD-00046,2024-08-15,East,Office Supplies,Paper,Printer Paper,4,0.05,151.91,-15.75
ORD-00047,2024-12-02,Central,Furniture,Tables,Conference Table,7,0.3,5084.8,-42.41
ORD-00048,2024-01-29,West,Office Supplies,Binders,Presentation Binder,5,0,522.77,10.4
ORD-00049,2024-11-17,South,Technology,Machines,Printer,7,0.2,1118.94,-234.51
ORD-00050,2025-03-22,West,Technology,Machines,Shredder,4,0.1,1390.01,321.76
ORD-00051,2024-12-04,Central,Technology,Phones,Office Phone,5,0.2,1240.9,-52.29
ORD-00052,2025-02-16,Central,Technology,Phones,Smartphone,7,0.3,4878.81,275.98
ORD-00053,2024-06-27,Central,Office Supplies,Storage,File Cabinet,5,0.1,896.72,140.29
ORD-00054,2025-09-13,Central,Office Supplies,Paper,Printer Paper,4,0.2,1478.52,272.85
ORD-00055,2024-06-22,West,Office Supplies,Storage,Desk Organizer,6,0,3950.22,653.85
ORD-00056,2025-11-19,Central,Furniture,Chairs,Office Chair,1,0,210.98,8.14
ORD-00057,2024-03-15,South,Office Supplies,Storage,Desk Organizer,4,0.3,2083.68,-57.48
ORD-00058,2024-09-06,East,Technology,Machines,Printer,2,0.15,367.09,55.94
ORD-00059,2025-12-13,South,Furniture,Bookcases,Wood Bookcase,2,0.15,238.71,-0.9
ORD-00060,2025-06-27,Central,Office Supplies,Storage,Desk Organizer,7,0.2,2445.95,-383.49
ORD-00061,2025-05-01,South,Office Supplies,Binders,Presentation Binder,5,0.2,1890.43,-226.75
ORD-00062,2025-03-26,West,Technology,Accessories,Keyboard,5,0.1,1313.2,57.08
ORD-00063,2024-05-21,East,Furniture,Tables,Computer Table,3,0.3,518.6,-33.27
ORD-00064,2024-12-04,South,Office Supplies,Binders,Premium Binder,7,0.15,4889.9,250.25
ORD-00065,2025-12-13,West,Technology,Accessories,Mouse,1,0.1,246.59,-6.31
ORD-00066,2025-03-05,East,Office Supplies,Binders,Ring Binder,7,0.15,287.28,-18.06
ORD-00067,2025-11-26,South,Technology,Phones,Business Phone,3,0.2,1244.36,232.93
ORD-00068,2025-08-29,West,Furniture,Bookcases,Metal Bookcase,3,0.15,467.05,-45.69
ORD-00069,2024-12-01,East,Office Supplies,Paper,Printer Paper,7,0.1,4139.82,735.58
ORD-00070,2024-09-15,West,Office Supplies,Binders,Presentation Binder,1,0.1,190.02,-32.96
ORD-00071,2025-10-29,West,Furniture,Chairs,Office Chair,1,0.2,131.92,-22.68
ORD-00072,2025-11-16,West,Technology,Phones,Business Phone,5,0.1,735.52,54.67
ORD-00073,2024-04-27,East,Office Supplies,Binders,Presentation Binder,1,0.1,457.39,97.28
ORD-00074,2025-01-19,South,Technology,Phones,Smartphone,4,0,2255.24,-93.08
ORD-00075,2025-12-01,West,Technology,Phones,Business Phone,7,0.3,2001.07,-44.54
ORD-00076,2024-12-15,West,Office Supplies,Paper,Copy Paper,7,0.1,3520.04,620.25
ORD-00077,2025-12-25,East,Office Supplies,Binders,Presentation Binder,5,0.2,3089.38,54.25
ORD-00078,2025-05-10,South,Office Supplies,Storage,Desk Organizer,5,0.1,3336.14,590.95
ORD-00079,2024-03-29,Central,Office Supplies,Binders,Ring Binder,7,0.1,289.28,53.93
ORD-00080,2024-07-05,South,Furniture,Tables,Conference Table,6,0.1,4133.9,485.92
ORD-00081,2024-10-09,West,Technology,Phones,Smartphone,4,0.3,1246.95,0.48
ORD-00082,2024-09-03,South,Technology,Machines,Scanner,8,0,740.65,-57.82
ORD-00083,2025-12-09,East,Office Supplies,Storage,Desk Organizer,6,0.15,2608.62,-154.88
ORD-00084,2025-07-17,Central,Office Supplies,Storage,Storage Box,5,0.1,1053.46,-157.49
ORD-00085,2024-07-16,Central,Furniture,Bookcases,Wood Bookcase,4,0.05,2354.64,-153.78
ORD-00086,2025-08-26,Central,Furniture,Chairs,Ergonomic Chair,4,0.1,623.86,-123.83
ORD-00087,2025-06-30,East,Office Supplies,Binders,Premium Binder,5,0.3,3498.3,134.4
ORD-00088,2025-05-17,West,Furniture,Bookcases,Metal Bookcase,8,0.15,2799.46,-371.47
ORD-00089,2024-02-22,Central,Office Supplies,Binders,Premium Binder,7,0.15,524.07,37.76
ORD-00090,2024-02-24,East,Furniture,Bookcases,Metal Bookcase,2,0.05,221.97,35.33
ORD-00091,2025-09-12,East,Technology,Accessories,Mouse,8,0.1,5389.25,1349.55
ORD-00092,2024-11-08,West,Technology,Machines,Printer,4,0.3,683.02,33.33
ORD-00093,2024-06-09,East,Furniture,Bookcases,Wood Bookcase,3,0,1015.93,139.29
ORD-00094,2025-04-26,Central,Furniture,Chairs,Ergonomic Chair,5,0.3,3193.53,-709.79
ORD-00095,2024-08-27,Central,Technology,Machines,Shredder,4,0.15,421.67,-48.11
ORD-00096,2024-06-01,Central,Furniture,Chairs,Office Chair,3,0.1,1416.09,246.61
ORD-00097,2024-10-22,South,Furniture,Tables,Computer Table,5,0.3,1544.55,-200.43
ORD-00098,2025-07-06,South,Office Supplies,Binders,Presentation Binder,1,0.15,570.7,34.36
ORD-00099,2024-01-27,West,Furniture,Bookcases,Wood Bookcase,5,0.2,244.06,28.77
ORD-00100,2025-04-26,South,Office Supplies,Binders,Presentation Binder,7,0.3,4241.84,809.2
ORD-00101,2025-04-26,Central,Office Supplies,Paper,Printer Paper,2,0.05,547.56,69.32
ORD-00102,2024-10-22,South,Technology,Phones,Business Phone,2,0.1,422.9,-64.14
ORD-00103,2025-02-17,West,Technology,Machines,Scanner,7,0,1164.2,-15.81
ORD-00104,2025-05-25,South,Furniture,Chairs,Ergonomic Chair,3,0.1,1058.06,122.94
ORD-00105,2024-05-04,West,Technology,Machines,Printer,3,0.1,1315.24,64.49
ORD-00106,2024-04-05,East,Furniture,Tables,Office Table,3,0.15,2158.32,-179.67
ORD-00107,2025-12-23,Central,Office Supplies,Paper,Printer Paper,4,0.15,1732.45,-71.12
ORD-00108,2025-09-05,East,Furniture,Tables,Conference Table,6,0.2,1301.85,-297.89
ORD-00109,2024-11-01,South,Furniture,Tables,Computer Table,8,0.1,2178.56,317.9
ORD-00110,2025-01-21,South,Office Supplies,Binders,Presentation Binder,4,0.2,1211.13,198.34
ORD-00111,2025-02-24,West,Office Supplies,Storage,Storage Box,7,0.15,5329.11,783.38
ORD-00112,2025-10-29,East,Office Supplies,Binders,Premium Binder,6,0,4211.21,94.92
ORD-00113,2025-06-22,South,Furniture,Bookcases,Wood Bookcase,7,0.3,5028.27,-1109.13
ORD-00114,2024-09-28,Central,Technology,Machines,Scanner,2,0.1,1335.41,254.13
ORD-00115,2025-01-24,Central,Technology,Machines,Scanner,1,0.2,69.7,4.21
ORD-00116,2024-10-21,East,Technology,Phones,Business Phone,2,0.3,1052.71,-219.77
ORD-00117,2024-06-19,Central,Furniture,Chairs,Ergonomic Chair,1,0.1,292.11,-2.01
ORD-00118,2024-09-07,South,Technology,Machines,Printer,3,0.05,241.73,50.3
ORD-00119,2025-09-26,East,Office Supplies,Storage,File Cabinet,4,0.15,1992.63,-12.15
ORD-00120,2025-11-13,West,Office Supplies,Paper,Notebook Paper,3,0,1093.65,-23.01
ORD-00121,2025-08-24,Central,Technology,Accessories,Headset,5,0.15,3269.31,-411.48
ORD-00122,2025-01-28,South,Furniture,Chairs,Ergonomic Chair,6,0.2,1429.45,131.04
ORD-00123,2024-01-23,South,Office Supplies,Binders,Presentation Binder,1,0.2,571.17,87.45
ORD-00124,2024-10-20,East,Technology,Accessories,Keyboard,4,0.2,818.86,96.27
ORD-00125,2025-11-06,East,Technology,Phones,Office Phone,1,0.1,619.24,-117.44
ORD-00126,2025-01-08,East,Furniture,Tables,Conference Table,7,0.05,1220.89,206.69
ORD-00127,2025-01-09,Central,Furniture,Tables,Conference Table,5,0.3,3232.46,371.56
ORD-00128,2025-04-24,West,Furniture,Chairs,Conference Chair,7,0.2,2030.28,271.48
ORD-00129,2024-01-15,Central,Technology,Phones,Business Phone,6,0.3,3353.47,-450.73
ORD-00130,2025-01-25,Central,Furniture,Bookcases,Wood Bookcase,8,0,4025.97,1022.02
ORD-00131,2024-12-01,East,Technology,Phones,Office Phone,8,0.3,1892.24,-127.13
ORD-00132,2024-05-23,West,Furniture,Tables,Conference Table,2,0,406.29,27.33
ORD-00133,2025-02-01,South,Office Supplies,Storage,Desk Organizer,7,0.2,3983.15,-633
ORD-00134,2025-02-28,West,Office Supplies,Storage,Storage Box,5,0,2792.09,-223.52
ORD-00135,2025-03-31,East,Office Supplies,Binders,Presentation Binder,6,0.2,4122.94,274.67
ORD-00136,2024-03-03,South,Office Supplies,Binders,Premium Binder,8,0,4295.68,494.79
ORD-00137,2025-09-03,West,Furniture,Tables,Office Table,3,0.2,513.17,77.86
ORD-00138,2025-07-21,East,Technology,Phones,Smartphone,6,0.05,3763.22,307.27
ORD-00139,2024-10-10,East,Furniture,Bookcases,Metal Bookcase,3,0,1606.87,-270.18
ORD-00140,2024-01-16,Central,Furniture,Bookcases,Metal Bookcase,1,0.05,224.15,-30.08
ORD-00141,2025-03-07,West,Technology,Phones,Business Phone,8,0.1,3278.54,-507.63
ORD-00142,2025-05-30,East,Technology,Phones,Office Phone,5,0.15,2511.19,-510.2
ORD-00143,2025-05-05,South,Office Supplies,Storage,File Cabinet,8,0.3,5398.79,-1194.18
ORD-00144,2024-03-23,Central,Technology,Phones,Smartphone,3,0.1,1482.88,95.3
ORD-00145,2025-12-30,Central,Office Supplies,Storage,Desk Organizer,5,0.15,1993.96,-39.1
ORD-00146,2025-12-19,West,Technology,Machines,Shredder,4,0.15,1433.02,-161.06
ORD-00147,2024-12-13,South,Office Supplies,Paper,Notebook Paper,2,0.1,688.11,69.46
ORD-00148,2025-01-18,East,Technology,Accessories,Keyboard,2,0,185.44,-25.14
ORD-00149,2025-01-16,East,Technology,Phones,Office Phone,6,0.3,640.14,-59.11
ORD-00150,2025-11-12,South,Technology,Phones,Business Phone,5,0.1,491.44,13.96
ORD-00151,2024-06-07,South,Furniture,Chairs,Ergonomic Chair,6,0,3688.99,310.19
ORD-00152,2025-03-15,West,Technology,Machines,Shredder,5,0,803.62,115.11
ORD-00153,2024-11-12,Central,Office Supplies,Binders,Premium Binder,3,0.2,1518.28,-300.61
ORD-00154,2025-10-10,West,Furniture,Bookcases,Wood Bookcase,7,0.15,2518.77,-365.45
ORD-00155,2024-11-15,Central,Technology,Machines,Printer,1,0.05,140.99,12.93
ORD-00156,2025-11-21,West,Office Supplies,Paper,Notebook Paper,7,0.15,3325.09,-89.7
ORD-00157,2024-08-08,West,Office Supplies,Paper,Copy Paper,5,0.3,2540.14,-79.12
ORD-00158,2025-11-14,Central,Furniture,Chairs,Ergonomic Chair,1,0,179.45,45.73
ORD-00159,2024-05-20,Central,Office Supplies,Paper,Copy Paper,1,0.15,580.07,-79.28
ORD-00160,2025-01-24,East,Technology,Machines,Shredder,6,0,1978.29,319.18
ORD-00161,2025-03-22,West,Office Supplies,Binders,Ring Binder,7,0.2,2230.74,143.81
ORD-00162,2024-10-23,West,Office Supplies,Binders,Ring Binder,3,0.2,1079.8,94.18
ORD-00163,2025-01-05,West,Office Supplies,Binders,Premium Binder,7,0.2,2210.13,-428.37
ORD-00164,2024-11-13,Central,Furniture,Tables,Office Table,2,0.2,976.44,13.75
ORD-00165,2024-07-17,Central,Office Supplies,Storage,Desk Organizer,3,0.05,296.81,-22.19
ORD-00166,2024-06-26,East,Technology,Phones,Smartphone,8,0.15,4685.2,618.65
ORD-00167,2025-04-04,Central,Technology,Accessories,Keyboard,8,0,3086.07,340.82
ORD-00168,2024-10-08,West,Office Supplies,Storage,File Cabinet,5,0.15,1792.62,-342.98
ORD-00169,2024-10-20,West,Technology,Phones,Office Phone,7,0.15,3184.53,705.2
ORD-00170,2024-02-12,South,Technology,Machines,Printer,6,0.2,2228.65,-357.93
ORD-00171,2024-03-04,South,Furniture,Tables,Computer Table,2,0.2,995.56,-211.05
ORD-00172,2025-12-25,South,Office Supplies,Storage,Desk Organizer,3,0.1,909.16,-68.07
ORD-00173,2025-02-22,Central,Technology,Machines,Printer,6,0,1662.95,127.49
ORD-00174,2025-01-30,Central,Office Supplies,Storage,Desk Organizer,3,0.1,244.45,24.51
ORD-00175,2024-12-24,Central,Technology,Machines,Shredder,7,0.05,3346.56,799.76
ORD-00176,2024-11-13,South,Technology,Accessories,Keyboard,2,0.3,1004.47,-21.19
ORD-00177,2024-01-19,Central,Office Supplies,Binders,Premium Binder,6,0.15,980.39,237.73
ORD-00178,2024-06-07,West,Office Supplies,Binders,Presentation Binder,1,0.3,261.48,25.49
ORD-00179,2024-05-14,South,Furniture,Chairs,Office Chair,3,0.3,1002.84,-66.19
ORD-00180,2025-11-23,East,Office Supplies,Storage,Storage Box,8,0.05,3448.58,-172.93
ORD-00181,2025-04-25,East,Office Supplies,Storage,Desk Organizer,8,0.15,4775.25,670.62
ORD-00182,2025-05-29,South,Furniture,Chairs,Conference Chair,3,0.1,177.55,2.85
ORD-00183,2025-01-15,West,Technology,Machines,Printer,5,0,3076.16,-167.7
ORD-00184,2025-06-09,East,Office Supplies,Binders,Premium Binder,8,0.1,5816.99,-82.3
ORD-00185,2025-02-09,Central,Furniture,Tables,Office Table,6,0.05,248.77,58.63
ORD-00186,2025-10-27,Central,Furniture,Chairs,Office Chair,5,0.15,2709.13,-416.27
ORD-00187,2025-12-23,South,Office Supplies,Storage,File Cabinet,2,0,439.24,89.64
ORD-00188,2025-07-15,South,Furniture,Tables,Office Table,5,0,286.22,3.76
ORD-00189,2025-09-29,South,Furniture,Chairs,Ergonomic Chair,1,0.3,390.34,-56.1
ORD-00190,2024-05-27,Central,Office Supplies,Binders,Presentation Binder,6,0.05,2755.82,-293.04
ORD-00191,2025-11-15,West,Technology,Accessories,Keyboard,1,0.15,674.9,-133.28
ORD-00192,2025-01-31,Central,Office Supplies,Storage,File Cabinet,6,0,1733.68,272.45
ORD-00193,2025-10-05,West,Technology,Machines,Scanner,3,0,884.38,-21.46
ORD-00194,2025-10-20,East,Technology,Accessories,Headset,8,0.3,1200.11,-231.58
ORD-00195,2025-04-13,West,Office Supplies,Binders,Premium Binder,4,0,1064.66,-39.78
ORD-00196,2025-02-11,South,Office Supplies,Binders,Presentation Binder,4,0.1,1163.92,179.46
ORD-00197,2025-11-02,Central,Office Supplies,Binders,Ring Binder,7,0.15,4041.02,784.09
ORD-00198,2025-01-30,Central,Furniture,Tables,Computer Table,8,0.1,5779.5,195.73
ORD-00199,2024-03-25,South,Furniture,Tables,Computer Table,3,0.2,710.04,-129.8
ORD-00200,2024-12-01,Central,Office Supplies,Paper,Notebook Paper,7,0.05,3857.29,-118.76
ORD-00201,2024-02-13,Central,Technology,Accessories,Mouse,1,0,543.52,3.73
ORD-00202,2025-06-09,East,Furniture,Chairs,Conference Chair,8,0,947.68,-67.7
ORD-00203,2025-10-22,Central,Office Supplies,Paper,Notebook Paper,1,0.2,132.7,-3.06
ORD-00204,2025-01-14,Central,Office Supplies,Binders,Presentation Binder,3,0.2,872.73,-74.52
ORD-00205,2024-10-12,East,Furniture,Chairs,Conference Chair,3,0.15,1223.84,248.11
ORD-00206,2024-04-30,Central,Office Supplies,Storage,Storage Box,4,0.2,922.45,176.72
ORD-00207,2025-05-17,East,Furniture,Chairs,Office Chair,8,0.05,5695.66,69.78
ORD-00208,2024-03-30,Central,Technology,Accessories,Headset,2,0.2,841.5,151.48
ORD-00209,2024-06-10,East,Office Supplies,Storage,File Cabinet,2,0.05,1259.68,-105.31
ORD-00210,2025-05-20,West,Office Supplies,Storage,Desk Organizer,6,0.15,3735.59,135.44
ORD-00211,2025-09-18,West,Furniture,Tables,Conference Table,8,0.2,2587.19,-107.78
ORD-00212,2025-08-11,West,Furniture,Tables,Computer Table,2,0.15,737.95,15.12
ORD-00213,2024-05-11,East,Furniture,Tables,Computer Table,1,0,424.12,-17.01
ORD-00214,2024-06-14,Central,Technology,Phones,Business Phone,5,0,1077.36,120.8
ORD-00215,2025-07-18,Central,Furniture,Bookcases,Metal Bookcase,2,0.2,987.94,41.72
ORD-00216,2025-08-17,East,Furniture,Bookcases,Metal Bookcase,1,0,83.35,21.37
ORD-00217,2025-08-13,Central,Technology,Phones,Office Phone,7,0.2,3447.45,-3.11
ORD-00218,2025-10-04,Central,Technology,Accessories,Mouse,4,0.3,1245.98,-57.78
ORD-00219,2025-12-06,West,Furniture,Tables,Conference Table,8,0.15,1379.36,84.92
ORD-00220,2024-11-16,Central,Technology,Accessories,Mouse,3,0.1,1233.43,-192.61
ORD-00221,2024-09-04,South,Furniture,Tables,Conference Table,4,0.05,377.28,-22.26
ORD-00222,2025-01-28,South,Furniture,Chairs,Ergonomic Chair,6,0.05,3645.27,133.79
ORD-00223,2025-06-11,South,Office Supplies,Paper,Printer Paper,1,0,757.28,39.76
ORD-00224,2024-09-03,East,Technology,Accessories,Keyboard,1,0.1,395.87,79.52
ORD-00225,2025-10-31,South,Office Supplies,Storage,File Cabinet,2,0.15,239.6,-22.96
ORD-00226,2025-01-09,South,Office Supplies,Binders,Ring Binder,1,0.2,435.31,-27.53
ORD-00227,2024-10-22,West,Office Supplies,Storage,Storage Box,5,0.2,2615.88,-458.69
ORD-00228,2024-04-09,South,Office Supplies,Paper,Notebook Paper,6,0.05,1038.45,43.3
ORD-00229,2025-05-27,West,Furniture,Chairs,Office Chair,6,0.15,2454.83,-365.74
ORD-00230,2025-06-11,East,Office Supplies,Storage,Storage Box,3,0.15,2288.86,280.58
ORD-00231,2024-11-02,Central,Technology,Machines,Shredder,8,0.3,3397.2,-124.17
ORD-00232,2024-01-18,Central,Office Supplies,Storage,File Cabinet,7,0.2,1728.92,317.14
ORD-00233,2025-12-05,West,Technology,Accessories,Mouse,4,0.3,222.21,-7.55
ORD-00234,2025-06-20,South,Furniture,Bookcases,Wood Bookcase,1,0.2,721.62,-129.49
ORD-00235,2024-01-20,South,Office Supplies,Paper,Copy Paper,7,0.3,1159.25,-28.01
ORD-00236,2025-09-18,South,Technology,Machines,Printer,3,0.2,517.92,-41.68
ORD-00237,2025-11-09,South,Technology,Accessories,Mouse,3,0.15,2112.08,-126.79
ORD-00238,2024-12-28,Central,Technology,Accessories,Keyboard,4,0.1,1775.7,-180.34
ORD-00239,2024-10-31,Central,Technology,Phones,Office Phone,8,0.1,3075.12,162.44
ORD-00240,2024-10-07,Central,Furniture,Bookcases,Metal Bookcase,7,0.1,5218.36,861.67
ORD-00241,2024-10-24,West,Office Supplies,Storage,File Cabinet,6,0.15,3070.33,387.71
ORD-00242,2024-08-07,East,Technology,Accessories,Headset,5,0.05,519.41,77.03
ORD-00243,2024-09-02,East,Furniture,Bookcases,Wood Bookcase,4,0,392.62,-11.02
ORD-00244,2025-04-28,West,Technology,Phones,Smartphone,3,0.15,1528.23,286.69
ORD-00245,2025-05-02,South,Technology,Phones,Business Phone,6,0.1,3064.23,651.61
ORD-00246,2024-04-01,East,Technology,Machines,Shredder,1,0.05,341.63,65.87
ORD-00247,2024-02-07,South,Office Supplies,Binders,Presentation Binder,5,0,136.14,11.06
ORD-00248,2024-04-19,Central,Office Supplies,Paper,Notebook Paper,8,0.05,5402.23,123.11
ORD-00249,2024-07-16,West,Office Supplies,Binders,Presentation Binder,8,0.3,1632.93,-276.53
ORD-00250,2024-12-11,Central,Technology,Machines,Printer,3,0.2,1960.21,358.01
ORD-00251,2025-03-13,Central,Furniture,Tables,Computer Table,2,0.05,1551.79,42.1
ORD-00252,2024-09-11,West,Office Supplies,Paper,Copy Paper,8,0.1,5960.35,-394.01
ORD-00253,2025-08-09,West,Office Supplies,Storage,Storage Box,4,0,2163.49,73.74
ORD-00254,2024-06-12,South,Technology,Machines,Shredder,5,0.3,516.08,85.89
ORD-00255,2024-10-29,Central,Technology,Phones,Smartphone,3,0.15,402.76,50.93
ORD-00256,2025-09-12,Central,Office Supplies,Storage,Desk Organizer,8,0.2,4906.23,734.84
ORD-00257,2024-09-10,West,Technology,Accessories,Headset,6,0,4412.71,-566.52
ORD-00258,2025-07-14,East,Technology,Machines,Printer,3,0.1,2008.01,-3.52
ORD-00259,2025-11-27,East,Technology,Machines,Scanner,2,0.2,698.21,-142.72
ORD-00260,2024-05-15,South,Office Supplies,Storage,File Cabinet,8,0.3,4805.52,373.43
ORD-00261,2025-02-09,Central,Furniture,Bookcases,Wood Bookcase,2,0,700.97,99.66
ORD-00262,2025-07-08,West,Furniture,Tables,Office Table,5,0.15,771.85,-119.79
ORD-00263,2025-10-18,South,Office Supplies,Paper,Printer Paper,7,0.15,556.48,125.77
ORD-00264,2025-07-06,East,Technology,Accessories,Keyboard,3,0.2,930.77,-159.55
ORD-00265,2024-08-16,West,Furniture,Tables,Conference Table,7,0.2,2100.31,-261.18
ORD-00266,2025-04-16,Central,Furniture,Tables,Office Table,2,0,1302.79,16.74
ORD-00267,2024-01-17,East,Furniture,Chairs,Office Chair,1,0.15,468.04,49.62
ORD-00268,2024-02-19,East,Technology,Phones,Business Phone,8,0.05,3484,538.34
ORD-00269,2024-02-27,East,Technology,Accessories,Keyboard,6,0.2,2772.34,220.03
ORD-00270,2024-11-24,East,Office Supplies,Binders,Presentation Binder,4,0.15,979.4,-185.56
ORD-00271,2025-08-28,East,Technology,Machines,Scanner,8,0,6227.09,1576.26
ORD-00272,2025-11-18,South,Technology,Accessories,Headset,7,0.15,918.93,-40.73
ORD-00273,2025-07-04,South,Furniture,Chairs,Ergonomic Chair,3,0.15,2117.98,87.26
ORD-00274,2025-03-02,East,Office Supplies,Binders,Ring Binder,4,0.1,2045.28,448.37
ORD-00275,2025-01-14,West,Technology,Machines,Printer,1,0.1,306.34,22.45
ORD-00276,2024-02-10,West,Furniture,Bookcases,Wood Bookcase,8,0.05,5515.7,-216.97
ORD-00277,2024-01-16,East,Furniture,Bookcases,Wood Bookcase,8,0.05,4444.45,583.26
ORD-00278,2025-02-10,East,Technology,Accessories,Mouse,7,0.15,2939.21,-153.55
ORD-00279,2024-09-24,Central,Technology,Accessories,Mouse,2,0.3,714.47,93.79
ORD-00280,2024-07-27,Central,Office Supplies,Paper,Copy Paper,4,0.3,495.13,-66.86
ORD-00281,2025-08-21,South,Office Supplies,Binders,Premium Binder,6,0.05,1873.93,357.63
ORD-00282,2025-05-26,Central,Office Supplies,Paper,Notebook Paper,8,0.15,1164.41,172.55
ORD-00283,2024-06-22,East,Technology,Machines,Scanner,3,0.2,2258.49,475.03
ORD-00284,2025-06-20,West,Furniture,Bookcases,Wood Bookcase,1,0.15,122.47,8.89
ORD-00285,2024-03-10,East,Furniture,Chairs,Conference Chair,8,0.1,523.78,46.28
ORD-00286,2025-09-23,South,Technology,Accessories,Keyboard,1,0.2,427.77,-96.06
ORD-00287,2025-06-26,Central,Technology,Accessories,Keyboard,7,0.05,715.26,-106
ORD-00288,2024-06-01,East,Furniture,Bookcases,Metal Bookcase,6,0.1,3744.29,-631.48
ORD-00289,2025-02-19,South,Technology,Phones,Office Phone,4,0.1,2158.85,399.43
ORD-00290,2025-10-31,West,Furniture,Tables,Conference Table,7,0.2,2602.04,163.68
ORD-00291,2025-12-20,East,Furniture,Tables,Conference Table,6,0.2,4459.21,971.96
ORD-00292,2025-06-24,West,Furniture,Chairs,Conference Chair,8,0.1,439.28,-75.03
ORD-00293,2024-10-14,West,Furniture,Tables,Office Table,4,0.2,503.38,74.26
ORD-00294,2025-02-11,West,Office Supplies,Binders,Presentation Binder,4,0.2,2549.9,-130.01
ORD-00295,2025-07-07,Central,Office Supplies,Storage,File Cabinet,2,0.2,1142.77,-81.03
ORD-00296,2024-04-10,South,Furniture,Chairs,Ergonomic Chair,7,0.1,294.21,-23.32
ORD-00297,2025-04-06,South,Furniture,Tables,Computer Table,7,0.15,1110.85,57.77
ORD-00298,2025-01-24,West,Technology,Accessories,Keyboard,2,0,458.04,-2.38
ORD-00299,2025-10-11,East,Technology,Accessories,Mouse,6,0,548.32,139.14
ORD-00300,2025-03-31,Central,Office Supplies,Binders,Premium Binder,2,0.05,703.42,44.82
ORD-00301,2025-06-08,South,Furniture,Chairs,Office Chair,6,0.2,527.76,23.8
ORD-00302,2024-11-28,South,Furniture,Tables,Conference Table,7,0,4097.65,317.1
ORD-00303,2024-09-05,East,Technology,Accessories,Keyboard,3,0.1,745.53,16.28
ORD-00304,2024-03-05,East,Office Supplies,Paper,Printer Paper,5,0.15,3034.18,-155.9
ORD-00305,2024-09-09,South,Technology,Machines,Printer,8,0,1005.45,-177.85
ORD-00306,2025-02-09,Central,Technology,Accessories,Mouse,8,0.1,2775.87,482.52
ORD-00307,2025-10-28,East,Office Supplies,Paper,Notebook Paper,4,0.15,1020.49,230.84
ORD-00308,2024-11-22,Central,Technology,Machines,Shredder,8,0.2,4787.54,-383.45
ORD-00309,2024-10-14,South,Office Supplies,Binders,Presentation Binder,4,0.2,3031.89,-446.4
ORD-00310,2025-07-17,West,Technology,Accessories,Headset,4,0.15,2472.45,407.68
ORD-00311,2024-03-11,South,Technology,Accessories,Keyboard,5,0.05,1071.89,-130.34
ORD-00312,2025-03-09,South,Furniture,Tables,Computer Table,8,0.2,2527.97,7.69
ORD-00313,2025-12-09,South,Technology,Phones,Business Phone,2,0,1239.57,151.84
ORD-00314,2024-12-29,East,Technology,Machines,Printer,7,0.1,5277.49,-36.89
ORD-00315,2024-01-11,West,Office Supplies,Binders,Presentation Binder,4,0.15,1200.48,-5.39
ORD-00316,2025-11-26,East,Office Supplies,Binders,Ring Binder,2,0.1,671.7,159.46
ORD-00317,2024-04-28,East,Office Supplies,Paper,Printer Paper,8,0.05,3369.11,-108.76
ORD-00318,2024-04-09,South,Technology,Machines,Scanner,6,0,1525.24,293.89
ORD-00319,2024-04-27,West,Office Supplies,Storage,File Cabinet,3,0.3,583.45,-101.96
ORD-00320,2024-06-12,Central,Technology,Accessories,Mouse,4,0.15,1968.17,-259.33
ORD-00321,2025-11-04,South,Office Supplies,Binders,Presentation Binder,4,0.15,1855.39,-71.68
ORD-00322,2025-12-22,East,Furniture,Tables,Computer Table,2,0.2,188.8,32.31
ORD-00323,2024-07-10,Central,Office Supplies,Binders,Ring Binder,2,0.1,1059.14,21.36
ORD-00324,2025-10-16,Central,Technology,Accessories,Headset,7,0.2,725.52,-49.4
ORD-00325,2025-04-13,East,Technology,Machines,Scanner,2,0.3,230.29,-46.24
ORD-00326,2024-11-08,West,Furniture,Tables,Computer Table,3,0.2,920.55,40.83
ORD-00327,2025-08-11,South,Office Supplies,Binders,Ring Binder,3,0.2,427.94,-41.57
ORD-00328,2024-07-10,Central,Office Supplies,Storage,File Cabinet,6,0,2387.97,-215.49
ORD-00329,2025-01-28,South,Office Supplies,Storage,Storage Box,7,0.3,4371.37,-132.01
ORD-00330,2024-03-25,West,Furniture,Tables,Office Table,5,0.05,2169.22,-249.73
ORD-00331,2025-04-13,South,Technology,Machines,Printer,2,0.1,1217.95,211.57
ORD-00332,2025-01-10,West,Technology,Accessories,Headset,4,0.15,384.56,63.2
ORD-00333,2024-09-10,Central,Furniture,Tables,Conference Table,6,0,2174.85,602.91
ORD-00334,2024-08-30,East,Technology,Machines,Shredder,6,0.3,2752.82,-159.78
ORD-00335,2025-09-22,East,Furniture,Chairs,Office Chair,6,0.2,1363.7,24.32
ORD-00336,2024-11-27,Central,Office Supplies,Storage,Storage Box,2,0.05,1522.65,257.2
ORD-00337,2024-03-01,Central,Technology,Phones,Office Phone,3,0.05,397.18,-17.61
ORD-00338,2024-09-10,South,Office Supplies,Binders,Presentation Binder,5,0.3,1586.82,-74.71
ORD-00339,2025-10-10,West,Office Supplies,Storage,Desk Organizer,5,0.3,3470.33,-295.77
ORD-00340,2025-05-14,Central,Technology,Phones,Office Phone,2,0.3,1439.81,53.31
ORD-00341,2025-12-15,Central,Furniture,Bookcases,Metal Bookcase,4,0.15,2554.02,25.72
ORD-00342,2024-11-26,Central,Office Supplies,Storage,Desk Organizer,3,0.2,1951.94,258.87
ORD-00343,2025-11-29,West,Furniture,Chairs,Conference Chair,8,0,935.24,200.63
ORD-00344,2025-03-27,South,Furniture,Tables,Office Table,3,0.3,708.89,104.37
ORD-00345,2024-10-07,West,Technology,Accessories,Mouse,2,0.1,1049.72,98.15
ORD-00346,2024-02-23,South,Technology,Accessories,Headset,4,0.15,2045.42,217.23
ORD-00347,2024-01-02,East,Office Supplies,Binders,Premium Binder,4,0.2,2091.47,-472.1
ORD-00348,2025-12-13,Central,Furniture,Tables,Computer Table,3,0.15,217.27,-8.97
ORD-00349,2024-04-14,West,Office Supplies,Paper,Printer Paper,3,0.15,1799.78,232.09
ORD-00350,2024-05-16,East,Furniture,Bookcases,Wood Bookcase,3,0.15,848.71,-101.42
ORD-00351,2024-06-04,South,Technology,Machines,Scanner,4,0,2877.37,-332.61
ORD-00352,2024-05-06,South,Office Supplies,Paper,Printer Paper,3,0.05,699.25,-107.51
ORD-00353,2025-07-20,Central,Technology,Phones,Office Phone,5,0.05,2092.73,87.64
ORD-00354,2025-02-05,Central,Technology,Phones,Smartphone,8,0.15,831.14,10.23
ORD-00355,2025-08-31,West,Technology,Phones,Business Phone,6,0.05,1906.27,368.73
ORD-00356,2025-03-06,Central,Technology,Machines,Printer,8,0,264.14,-39.34
ORD-00357,2024-09-25,East,Furniture,Chairs,Ergonomic Chair,5,0.3,2663.31,260.66
ORD-00358,2025-03-09,South,Furniture,Bookcases,Wood Bookcase,5,0,1308.64,72.24
ORD-00359,2024-07-27,East,Technology,Accessories,Mouse,2,0.1,1101.69,144.08
ORD-00360,2024-09-01,West,Furniture,Chairs,Ergonomic Chair,2,0.15,957.86,-184.09
ORD-00361,2025-11-13,East,Furniture,Chairs,Conference Chair,3,0.3,80.07,-2.13
ORD-00362,2024-12-21,Central,Furniture,Tables,Office Table,5,0.3,3290.24,328.56
ORD-00363,2024-01-31,Central,Office Supplies,Paper,Notebook Paper,2,0.1,1122.44,67.64
ORD-00364,2024-03-19,South,Office Supplies,Storage,Storage Box,1,0.15,664.41,-93.51
ORD-00365,2024-06-10,Central,Furniture,Bookcases,Wood Bookcase,4,0.3,1542.47,-362.08
ORD-00366,2024-01-13,East,Furniture,Tables,Conference Table,7,0.05,1103.16,274.97
ORD-00367,2024-02-06,South,Furniture,Tables,Office Table,7,0.3,1745.33,218.09
ORD-00368,2025-08-08,Central,Furniture,Bookcases,Wood Bookcase,3,0.05,1917.87,496.63
ORD-00369,2025-02-14,West,Office Supplies,Paper,Printer Paper,6,0,2708.47,-477.6
ORD-00370,2024-07-24,Central,Technology,Accessories,Headset,4,0.15,1182.93,271.55
ORD-00371,2024-07-19,East,Furniture,Chairs,Ergonomic Chair,1,0.05,436.88,43.7
ORD-00372,2025-12-11,West,Office Supplies,Binders,Presentation Binder,7,0.3,3802.3,-787.77
ORD-00373,2025-06-26,East,Office Supplies,Paper,Copy Paper,3,0.3,661.18,-155.25
ORD-00374,2024-08-25,South,Technology,Accessories,Mouse,2,0.2,179.65,-30.29
ORD-00375,2025-02-07,West,Technology,Machines,Printer,7,0.3,4999.28,-730.32
ORD-00376,2024-09-24,Central,Office Supplies,Storage,Desk Organizer,6,0.1,2182.93,-212.92
ORD-00377,2024-07-26,East,Technology,Phones,Smartphone,2,0.05,732.06,-35.17
ORD-00378,2024-05-03,Central,Furniture,Tables,Conference Table,8,0.1,5342.5,-873
ORD-00379,2025-12-03,Central,Technology,Machines,Shredder,1,0.05,663.62,-27.68
ORD-00380,2024-04-03,East,Office Supplies,Paper,Notebook Paper,1,0.3,234.11,28.62
ORD-00381,2024-06-27,West,Office Supplies,Paper,Notebook Paper,4,0,1521.57,288.78
ORD-00382,2024-05-23,West,Furniture,Chairs,Office Chair,3,0.05,1962.55,-41.74
ORD-00383,2025-10-07,West,Technology,Machines,Scanner,2,0,1595.57,-142.06
ORD-00384,2025-10-23,South,Furniture,Chairs,Ergonomic Chair,2,0,1509.96,-236.62
ORD-00385,2025-08-10,South,Technology,Accessories,Mouse,1,0.15,532.17,-73.44
ORD-00386,2024-08-07,East,Office Supplies,Paper,Printer Paper,3,0,1497.01,155.4
ORD-00387,2025-10-24,Central,Office Supplies,Paper,Notebook Paper,8,0,707.38,-2.7
ORD-00388,2025-03-05,East,Technology,Machines,Printer,1,0.15,606.27,-31.71
ORD-00389,2025-07-11,South,Office Supplies,Storage,Desk Organizer,6,0.15,1333.68,-274.09
ORD-00390,2025-09-03,East,Furniture,Tables,Office Table,8,0.2,2270.86,87.73
ORD-00391,2024-08-26,East,Furniture,Chairs,Conference Chair,4,0.1,1701.48,270.48
ORD-00392,2024-02-27,East,Technology,Accessories,Mouse,3,0.05,605.86,-28
ORD-00393,2025-12-15,Central,Technology,Phones,Office Phone,6,0.2,2619.79,76.05
ORD-00394,2024-07-11,South,Technology,Accessories,Keyboard,8,0,723.21,-52.79
ORD-00395,2024-08-12,West,Technology,Accessories,Keyboard,6,0.2,1009.71,-171.63
ORD-00396,2024-06-30,Central,Furniture,Chairs,Office Chair,3,0,2040.77,440.62
ORD-00397,2024-03-15,Central,Technology,Machines,Scanner,2,0.1,497.98,-70.83
ORD-00398,2024-06-10,South,Technology,Accessories,Headset,6,0.05,3386.75,223.56
ORD-00399,2025-09-20,Central,Furniture,Bookcases,Wood Bookcase,7,0.1,4043.92,-281.14
ORD-00400,2024-06-30,West,Technology,Machines,Scanner,1,0.05,483.74,111.83
ORD-00401,2025-09-18,East,Technology,Machines,Printer,8,0.05,2198.66,-344.55
ORD-00402,2024-12-21,Central,Furniture,Bookcases,Wood Bookcase,6,0.15,166.83,-20.19
ORD-00403,2025-12-10,West,Office Supplies,Paper,Copy Paper,1,0,321.03,50.4
ORD-00404,2024-06-19,South,Office Supplies,Paper,Printer Paper,7,0,4665.29,852.89
ORD-00405,2025-08-14,East,Furniture,Tables,Office Table,1,0.1,34.77,-2.95
ORD-00406,2024-04-17,West,Office Supplies,Binders,Ring Binder,3,0.3,217.84,38.83
ORD-00407,2024-04-05,Central,Technology,Machines,Scanner,1,0.15,726.79,-102.91
ORD-00408,2025-03-20,East,Furniture,Chairs,Ergonomic Chair,4,0.05,1339.99,83.6
ORD-00409,2025-07-07,Central,Technology,Accessories,Mouse,4,0,234.86,19.5
ORD-00410,2025-05-17,East,Furniture,Tables,Office Table,7,0,1748.24,217.71
ORD-00411,2025-09-06,South,Furniture,Chairs,Office Chair,4,0.05,2045.27,525.53
ORD-00412,2025-04-29,West,Office Supplies,Paper,Printer Paper,8,0.3,1677.61,67.54
ORD-00413,2025-01-31,East,Office Supplies,Paper,Printer Paper,3,0.15,158.24,-2.41
ORD-00414,2024-09-26,East,Office Supplies,Storage,File Cabinet,3,0.3,1500.24,-323.41
ORD-00415,2024-12-18,South,Technology,Phones,Office Phone,1,0.15,633.67,-15.8
ORD-00416,2025-07-02,South,Technology,Phones,Business Phone,5,0,1639.74,348.96
ORD-00417,2024-02-05,East,Furniture,Tables,Office Table,3,0.05,1927.4,-259.15
ORD-00418,2025-03-09,West,Technology,Accessories,Keyboard,3,0.2,630.28,119.1
ORD-00419,2024-03-09,West,Office Supplies,Storage,Storage Box,6,0.1,2488.34,539.71
ORD-00420,2024-01-13,South,Furniture,Tables,Office Table,3,0.2,1363.98,162.11
ORD-00421,2024-04-12,West,Technology,Phones,Business Phone,6,0.15,1305.3,109.26
ORD-00422,2025-08-08,South,Furniture,Chairs,Ergonomic Chair,7,0.05,3471.67,418.94
ORD-00423,2025-02-15,West,Office Supplies,Paper,Notebook Paper,4,0,2406.74,586.24
ORD-00424,2025-01-16,West,Office Supplies,Paper,Printer Paper,5,0.15,3317.85,323.6
ORD-00425,2024-08-21,East,Office Supplies,Storage,Storage Box,6,0.1,3442.51,252.3
ORD-00426,2024-04-01,East,Office Supplies,Binders,Ring Binder,8,0.2,5292.7,781.56
ORD-00427,2025-06-11,East,Furniture,Tables,Computer Table,7,0.05,4346.6,211.56
ORD-00428,2025-08-05,West,Furniture,Chairs,Office Chair,1,0.05,45.22,-7.65
ORD-00429,2025-01-04,East,Office Supplies,Paper,Printer Paper,7,0.3,4791.48,279.54
ORD-00430,2024-09-04,Central,Office Supplies,Storage,Storage Box,3,0.15,1379.55,-78.1
ORD-00431,2024-06-16,Central,Technology,Machines,Printer,5,0,1607.61,-168.9
ORD-00432,2025-08-08,East,Furniture,Bookcases,Wood Bookcase,4,0.1,2060.13,64.09
ORD-00433,2025-11-29,West,Office Supplies,Binders,Presentation Binder,3,0.2,1837.32,-233.46
ORD-00434,2025-09-14,Central,Technology,Machines,Shredder,5,0.15,3457.67,602.43
ORD-00435,2025-04-15,Central,Furniture,Tables,Conference Table,7,0.2,663.69,3.52
ORD-00436,2025-11-09,Central,Technology,Machines,Shredder,5,0.1,2699.98,44.82
ORD-00437,2024-12-10,Central,Technology,Accessories,Mouse,5,0.3,2657.77,413.26
ORD-00438,2024-11-01,East,Furniture,Bookcases,Wood Bookcase,1,0.2,318.44,-26.43
ORD-00439,2024-05-23,West,Technology,Accessories,Mouse,5,0.15,1615.01,196.06
ORD-00440,2025-08-20,East,Office Supplies,Storage,Desk Organizer,4,0.3,1616.96,171.48
ORD-00441,2025-11-18,Central,Technology,Accessories,Keyboard,3,0.1,281.18,-41.09
ORD-00442,2024-09-21,East,Technology,Accessories,Headset,2,0.05,586.81,87.93
ORD-00443,2024-11-10,South,Office Supplies,Paper,Printer Paper,5,0.15,3291.49,-3.47
ORD-00444,2025-10-11,West,Office Supplies,Binders,Presentation Binder,2,0.3,587.75,-69.21
ORD-00445,2024-02-25,East,Furniture,Chairs,Ergonomic Chair,7,0.2,4764.19,1066.51
ORD-00446,2024-05-26,Central,Technology,Phones,Smartphone,8,0.1,3995.2,-494.05
ORD-00447,2025-10-11,West,Furniture,Tables,Conference Table,4,0.05,1854.52,-221.84
ORD-00448,2024-03-31,East,Technology,Accessories,Headset,7,0.15,2389.39,5.03
ORD-00449,2024-01-05,West,Technology,Phones,Office Phone,6,0,4294.59,722.14
ORD-00450,2025-06-27,East,Furniture,Bookcases,Wood Bookcase,4,0.05,2215.75,-75.56
ORD-00451,2024-05-12,West,Office Supplies,Storage,Desk Organizer,5,0.05,350.19,-60.05
ORD-00452,2024-10-24,South,Technology,Machines,Shredder,6,0.15,4115.38,989.41
ORD-00453,2024-12-16,South,Office Supplies,Binders,Premium Binder,7,0,1387.16,214.31
ORD-00454,2024-05-14,East,Technology,Phones,Office Phone,3,0,917.82,109.45
ORD-00455,2024-02-08,South,Technology,Accessories,Headset,1,0.2,756.06,56.33
ORD-00456,2025-10-31,West,Furniture,Bookcases,Wood Bookcase,7,0.15,2133.08,73.06
ORD-00457,2025-04-30,East,Furniture,Bookcases,Wood Bookcase,5,0.15,2579.97,225.08
ORD-00458,2024-10-03,East,Office Supplies,Binders,Presentation Binder,2,0.1,212.41,-33.16
ORD-00459,2024-07-22,East,Office Supplies,Storage,File Cabinet,6,0.3,1884.83,-341.58
ORD-00460,2025-07-15,South,Furniture,Bookcases,Metal Bookcase,6,0.05,131.15,15.27
ORD-00461,2024-04-23,South,Furniture,Chairs,Conference Chair,2,0.3,1081.12,174.27
ORD-00462,2025-10-21,East,Office Supplies,Paper,Printer Paper,8,0,782.81,-78
ORD-00463,2024-02-10,Central,Office Supplies,Storage,Storage Box,7,0.3,714.86,97.63
ORD-00464,2024-02-16,West,Furniture,Bookcases,Wood Bookcase,6,0.1,4198.73,983.93
ORD-00465,2024-10-01,West,Office Supplies,Paper,Copy Paper,2,0.15,639.48,-4.79
ORD-00466,2025-01-29,South,Office Supplies,Storage,File Cabinet,2,0.05,1111.95,-184.05
ORD-00467,2024-06-12,West,Office Supplies,Storage,Storage Box,8,0.05,3924.97,651.21
ORD-00468,2025-09-18,West,Technology,Machines,Printer,8,0.15,832.3,-23.56
ORD-00469,2024-02-17,West,Office Supplies,Storage,Storage Box,1,0.3,645,-8.76
ORD-00470,2025-08-13,East,Technology,Accessories,Headset,2,0.15,1032.06,-106.46
ORD-00471,2024-12-20,South,Furniture,Bookcases,Wood Bookcase,1,0.3,692.65,-15.54
ORD-00472,2025-04-25,South,Furniture,Chairs,Ergonomic Chair,6,0.05,1647.73,-106.36
ORD-00473,2025-06-03,East,Technology,Machines,Scanner,7,0.05,563.28,6.66
ORD-00474,2025-08-09,South,Furniture,Tables,Conference Table,6,0,4709.54,766.76
ORD-00475,2024-01-19,West,Office Supplies,Paper,Copy Paper,1,0,637.59,167.72
ORD-00476,2025-10-14,Central,Technology,Machines,Printer,8,0.1,2366.58,-426.06
ORD-00477,2024-08-16,South,Office Supplies,Storage,Desk Organizer,8,0.3,3941.17,292.91
ORD-00478,2024-04-26,West,Technology,Phones,Smartphone,6,0.1,3903.76,931.59
ORD-00479,2024-10-25,Central,Technology,Phones,Smartphone,3,0.15,374.08,41.99
ORD-00480,2025-02-23,West,Office Supplies,Storage,File Cabinet,4,0,2982.27,2.18
ORD-00481,2025-04-13,East,Technology,Accessories,Keyboard,7,0,5199.38,1067.09
ORD-00482,2025-08-25,West,Office Supplies,Paper,Notebook Paper,3,0.15,67.52,8.18
ORD-00483,2025-07-20,South,Technology,Accessories,Headset,3,0.3,1307.78,105.97
ORD-00484,2024-05-11,West,Office Supplies,Storage,Desk Organizer,6,0.2,4032.66,-150.88
ORD-00485,2025-09-15,East,Office Supplies,Paper,Printer Paper,5,0.15,3117.26,-479.86
ORD-00486,2025-09-08,Central,Technology,Machines,Scanner,4,0.05,725.12,98.7
ORD-00487,2025-12-04,Central,Technology,Phones,Office Phone,3,0.2,1262.96,79.52
ORD-00488,2025-12-28,West,Office Supplies,Storage,Storage Box,7,0.3,3906.61,515.83
ORD-00489,2024-10-19,South,Furniture,Bookcases,Wood Bookcase,1,0.15,128.35,11.66
ORD-00490,2024-07-23,Central,Furniture,Tables,Computer Table,5,0.05,3331.42,417.01
ORD-00491,2024-10-29,East,Technology,Phones,Business Phone,8,0,4004.52,523.56
ORD-00492,2025-07-29,East,Technology,Machines,Shredder,7,0.05,2893.02,503.51
ORD-00493,2025-12-13,Central,Technology,Machines,Printer,7,0.15,2323.91,337.04
ORD-00494,2025-12-02,Central,Technology,Phones,Smartphone,5,0.05,2488.69,414.93
ORD-00495,2025-03-29,East,Technology,Machines,Shredder,6,0.2,2544.25,121
ORD-00496,2024-07-17,Central,Office Supplies,Binders,Presentation Binder,2,0.05,1522.19,221.69
ORD-00497,2024-05-02,South,Furniture,Tables,Conference Table,5,0.05,718.53,141.31
ORD-00498,2024-01-06,Central,Office Supplies,Storage,File Cabinet,1,0.05,735.03,60.32
ORD-00499,2025-10-02,Central,Office Supplies,Storage,Desk Organizer,6,0,3789.27,-128.02
ORD-00500,2024-08-13,East,Technology,Phones,Office Phone,3,0.15,1280.9,-40.9
ORD-00501,2024-12-23,East,Furniture,Bookcases,Metal Bookcase,6,0.1,1456.58,338.13
ORD-00502,2025-09-25,South,Technology,Machines,Printer,2,0.3,536.29,-77.46
ORD-00503,2025-10-19,East,Furniture,Bookcases,Metal Bookcase,7,0,2246.88,153.93
ORD-00504,2024-10-16,West,Technology,Accessories,Headset,8,0.15,417.37,81.68
ORD-00505,2024-07-16,Central,Technology,Phones,Smartphone,3,0.2,1242.32,72.54
ORD-00506,2024-08-03,East,Technology,Accessories,Keyboard,4,0.2,2532.41,441.08
ORD-00507,2025-03-21,West,Technology,Machines,Printer,1,0.15,557.44,-111.53
ORD-00508,2024-03-16,West,Furniture,Tables,Computer Table,2,0.2,1255.64,237.38
ORD-00509,2025-02-21,South,Office Supplies,Storage,Storage Box,7,0.1,226.42,23.71
ORD-00510,2025-07-01,West,Technology,Machines,Shredder,2,0.3,882.03,59.45
ORD-00511,2024-03-15,Central,Technology,Phones,Business Phone,5,0.2,415.5,50.7
ORD-00512,2025-03-24,South,Office Supplies,Storage,File Cabinet,8,0.05,3445.23,-447.07
ORD-00513,2025-02-04,Central,Technology,Phones,Business Phone,6,0,2710.49,204.19
ORD-00514,2024-05-06,West,Furniture,Bookcases,Metal Bookcase,2,0.1,358.49,48.78
ORD-00515,2024-12-18,East,Office Supplies,Storage,Desk Organizer,3,0.05,484.41,44.21
ORD-00516,2024-09-15,East,Furniture,Chairs,Conference Chair,1,0.2,360.8,8.24
ORD-00517,2024-10-24,West,Office Supplies,Binders,Premium Binder,8,0.1,2328.83,241.72
ORD-00518,2024-08-28,West,Office Supplies,Storage,File Cabinet,4,0.1,1555.99,-83.96
ORD-00519,2025-11-06,Central,Technology,Machines,Printer,6,0.1,4491.36,-572.32
ORD-00520,2024-11-16,East,Furniture,Bookcases,Metal Bookcase,5,0.1,608.2,80.38
ORD-00521,2025-05-06,South,Office Supplies,Paper,Printer Paper,8,0.2,797.16,53.37
ORD-00522,2024-03-24,Central,Furniture,Bookcases,Wood Bookcase,5,0.3,3289.96,-723.22
ORD-00523,2024-03-18,West,Technology,Machines,Printer,7,0.2,1236.59,-263.56
ORD-00524,2024-09-23,South,Technology,Phones,Business Phone,7,0.05,4944.66,389.23
ORD-00525,2024-10-24,East,Office Supplies,Storage,Desk Organizer,2,0.15,584.84,-124.35
ORD-00526,2024-09-01,East,Technology,Phones,Business Phone,3,0.05,1367.96,92.71
ORD-00527,2024-05-29,South,Office Supplies,Binders,Premium Binder,8,0.05,545.35,-12.3
ORD-00528,2024-02-13,East,Technology,Accessories,Mouse,8,0.15,5448.6,-1085.06
ORD-00529,2025-10-26,Central,Furniture,Bookcases,Metal Bookcase,5,0.2,2111.82,-316.83
ORD-00530,2025-10-31,South,Office Supplies,Storage,Desk Organizer,2,0.2,410.85,89.33
ORD-00531,2024-08-16,South,Office Supplies,Paper,Printer Paper,8,0.2,191.11,33.58
ORD-00532,2025-03-26,East,Furniture,Chairs,Conference Chair,5,0.05,677.36,-81.36
ORD-00533,2025-09-08,West,Technology,Phones,Business Phone,6,0.3,601.64,33.45
ORD-00534,2025-05-05,East,Technology,Phones,Office Phone,7,0,1470.44,-178.18
ORD-00535,2025-08-29,East,Furniture,Bookcases,Wood Bookcase,3,0,449.24,109.76
ORD-00536,2025-06-13,South,Technology,Machines,Shredder,1,0.3,543.73,66.77
ORD-00537,2024-03-28,East,Office Supplies,Storage,Storage Box,8,0.05,1509.72,-5.36
ORD-00538,2024-05-26,East,Technology,Machines,Shredder,5,0.05,2887.77,-100.7
ORD-00539,2025-04-09,West,Furniture,Tables,Conference Table,3,0,98.76,5.97
ORD-00540,2025-05-31,South,Furniture,Bookcases,Wood Bookcase,3,0.15,2088.4,121.99
ORD-00541,2025-06-28,West,Furniture,Tables,Computer Table,3,0.2,1255.83,-288.15
ORD-00542,2025-11-25,South,Technology,Accessories,Mouse,1,0.3,400.76,-59.89
ORD-00543,2025-05-08,South,Office Supplies,Storage,Desk Organizer,2,0.15,239.53,0.48
ORD-00544,2024-08-26,West,Office Supplies,Storage,Desk Organizer,7,0.1,1142.75,138.51
ORD-00545,2024-01-08,West,Technology,Phones,Business Phone,4,0.3,2395.17,-160.31
ORD-00546,2024-04-19,East,Office Supplies,Storage,Desk Organizer,5,0.1,3348.55,-34.03
ORD-00547,2025-01-09,Central,Technology,Accessories,Keyboard,7,0.2,4198.51,-33.86
ORD-00548,2025-01-14,South,Office Supplies,Paper,Notebook Paper,6,0.3,1834.5,-351.29
ORD-00549,2025-11-06,West,Technology,Phones,Business Phone,3,0,561.83,2.39
ORD-00550,2024-12-12,West,Furniture,Tables,Computer Table,1,0,662.14,24.48
ORD-00551,2025-09-06,South,Furniture,Chairs,Ergonomic Chair,4,0.1,321.48,-60.32
ORD-00552,2025-01-28,South,Technology,Machines,Shredder,5,0.3,3568.43,-815.63
ORD-00553,2024-06-28,South,Office Supplies,Binders,Premium Binder,5,0.05,228.19,19
ORD-00554,2025-06-12,East,Technology,Phones,Office Phone,1,0.1,201.45,-41.27
ORD-00555,2024-06-10,West,Office Supplies,Paper,Printer Paper,7,0.15,3214.75,66.42
ORD-00556,2025-12-21,West,Furniture,Bookcases,Metal Bookcase,6,0.1,4512.48,-351.1
ORD-00557,2025-09-12,East,Office Supplies,Paper,Notebook Paper,1,0.1,152.61,4.25
ORD-00558,2025-07-26,West,Technology,Accessories,Mouse,2,0.2,1455.84,251.88
ORD-00559,2025-08-11,Central,Technology,Accessories,Mouse,8,0.05,4825.55,1204.79
ORD-00560,2025-04-14,South,Technology,Phones,Business Phone,2,0.1,141.75,12.26
ORD-00561,2024-08-13,East,Office Supplies,Paper,Printer Paper,1,0.3,618.92,-87.14
ORD-00562,2024-04-05,South,Technology,Machines,Scanner,2,0.2,1418.33,-15.3
ORD-00563,2024-12-28,East,Technology,Accessories,Keyboard,4,0.15,2290.55,-250.73
ORD-00564,2024-09-04,Central,Furniture,Chairs,Office Chair,4,0.2,1131.27,145.16
ORD-00565,2024-05-02,West,Technology,Machines,Scanner,1,0.2,728.87,116.68
ORD-00566,2025-01-15,Central,Office Supplies,Storage,Storage Box,8,0.05,6223.84,1424.41
ORD-00567,2024-10-13,South,Furniture,Bookcases,Wood Bookcase,1,0.2,611.26,-6.1
ORD-00568,2025-07-07,West,Technology,Accessories,Mouse,3,0.15,2257.09,234.04
ORD-00569,2025-04-16,Central,Technology,Phones,Smartphone,4,0.15,1821.77,-123.51
ORD-00570,2025-09-19,Central,Furniture,Bookcases,Metal Bookcase,4,0.1,1511.83,116.44
ORD-00571,2025-01-09,East,Office Supplies,Paper,Copy Paper,7,0.3,3928.46,-342.03
ORD-00572,2025-02-14,Central,Office Supplies,Binders,Presentation Binder,3,0.2,1582,228.64
ORD-00573,2024-10-03,East,Technology,Accessories,Mouse,4,0.05,2543.92,374.54
ORD-00574,2025-04-29,West,Furniture,Tables,Conference Table,3,0.3,1174.56,89.8
ORD-00575,2025-05-13,Central,Office Supplies,Storage,Desk Organizer,1,0.15,93.56,-13.32
ORD-00576,2024-08-08,Central,Office Supplies,Storage,File Cabinet,8,0.3,2079.64,-185
ORD-00577,2025-07-27,Central,Office Supplies,Binders,Ring Binder,2,0.1,1358.27,323.31
ORD-00578,2024-07-22,East,Office Supplies,Paper,Printer Paper,8,0.3,2727.68,-597.18
ORD-00579,2025-09-20,Central,Office Supplies,Storage,File Cabinet,3,0.3,1803.8,-180.02
ORD-00580,2025-10-08,South,Furniture,Chairs,Office Chair,6,0.05,1567.26,169.09
ORD-00581,2025-12-28,Central,Technology,Machines,Scanner,5,0.15,3027.83,648.97
ORD-00582,2025-08-24,South,Office Supplies,Binders,Premium Binder,1,0.05,580.32,65.01
ORD-00583,2025-12-18,West,Furniture,Chairs,Ergonomic Chair,2,0,139.52,31.28
ORD-00584,2025-07-15,West,Furniture,Tables,Computer Table,2,0,449.43,-48.8
ORD-00585,2025-11-01,South,Office Supplies,Binders,Premium Binder,5,0.15,2447.9,-384.6
ORD-00586,2024-06-23,West,Furniture,Bookcases,Metal Bookcase,6,0.15,2219.97,406.51
ORD-00587,2024-10-05,South,Furniture,Bookcases,Wood Bookcase,8,0.3,4470.72,664.15
ORD-00588,2025-03-21,Central,Office Supplies,Paper,Notebook Paper,4,0,1458.6,-17.12
ORD-00589,2024-09-23,East,Office Supplies,Binders,Premium Binder,3,0.1,712.75,29.33
ORD-00590,2025-12-05,South,Office Supplies,Paper,Copy Paper,7,0.1,3314.65,535.36
ORD-00591,2025-07-15,Central,Furniture,Tables,Computer Table,7,0.15,1448.02,161.27
ORD-00592,2025-10-23,South,Office Supplies,Binders,Ring Binder,2,0.15,977.42,19.69
ORD-00593,2025-09-19,Central,Office Supplies,Storage,Desk Organizer,5,0.15,801.96,-149.17
ORD-00594,2024-05-19,Central,Furniture,Bookcases,Metal Bookcase,8,0.1,4417.68,94.18
ORD-00595,2024-11-24,West,Furniture,Chairs,Conference Chair,1,0.05,768.69,-48.22
ORD-00596,2024-05-08,South,Technology,Phones,Smartphone,2,0.05,62.18,-5.76
ORD-00597,2025-03-06,Central,Office Supplies,Paper,Printer Paper,1,0.1,80.51,11.29
ORD-00598,2024-05-29,West,Office Supplies,Paper,Copy Paper,8,0.05,1342.29,261.22
ORD-00599,2025-01-25,West,Furniture,Bookcases,Wood Bookcase,7,0.15,1433.65,344.06
ORD-00600,2024-07-22,South,Technology,Phones,Office Phone,4,0.15,1245.54,279.82
ORD-00601,2024-11-26,East,Technology,Machines,Printer,2,0.1,770.95,-52.07
ORD-00602,2025-01-04,West,Technology,Phones,Smartphone,4,0.3,1326.99,-329.18
ORD-00603,2024-10-09,West,Office Supplies,Binders,Premium Binder,1,0.2,599.56,-6.82
ORD-00604,2025-09-02,East,Office Supplies,Binders,Premium Binder,3,0.15,263.61,17.68
ORD-00605,2025-10-02,West,Furniture,Tables,Computer Table,3,0.3,1216.44,-250.1
ORD-00606,2025-05-14,East,Office Supplies,Storage,Desk Organizer,6,0.15,3418.15,-709.87
ORD-00607,2025-01-21,Central,Technology,Phones,Business Phone,1,0.15,549.75,21.8
ORD-00608,2025-07-09,South,Furniture,Bookcases,Wood Bookcase,6,0.1,3458.95,-271.01
ORD-00609,2025-09-05,East,Furniture,Bookcases,Wood Bookcase,8,0.1,5141.34,226.93
ORD-00610,2025-04-09,West,Technology,Machines,Scanner,3,0,1510.18,-18.92
ORD-00611,2025-09-27,East,Office Supplies,Storage,File Cabinet,7,0.05,2963.9,107.8
ORD-00612,2025-07-18,East,Technology,Accessories,Mouse,7,0.3,1755.88,-370
ORD-00613,2025-11-05,West,Furniture,Chairs,Office Chair,1,0.05,102.21,-10.67
ORD-00614,2024-02-02,South,Technology,Accessories,Headset,5,0,1528.78,150.95
ORD-00615,2024-03-13,West,Furniture,Bookcases,Metal Bookcase,2,0.15,1241.23,-235.31
ORD-00616,2025-07-25,South,Office Supplies,Storage,File Cabinet,5,0.2,245.62,-48.54
ORD-00617,2024-11-07,West,Furniture,Bookcases,Wood Bookcase,2,0.3,370.36,-28.79
ORD-00618,2024-07-16,East,Technology,Machines,Printer,7,0.3,662.4,25.68
ORD-00619,2025-01-01,South,Technology,Machines,Scanner,2,0.05,1260.29,76.23
ORD-00620,2025-05-31,Central,Technology,Phones,Office Phone,8,0.1,5646.72,271.25
ORD-00621,2024-11-28,Central,Office Supplies,Storage,Storage Box,6,0.2,1184.25,24.86
ORD-00622,2025-01-19,Central,Office Supplies,Paper,Printer Paper,7,0,4105.67,1117.4
ORD-00623,2025-09-02,West,Technology,Phones,Business Phone,1,0.1,768.13,-81.56
ORD-00624,2024-11-18,West,Technology,Accessories,Headset,3,0,148.3,-2.43
ORD-00625,2024-05-21,Central,Office Supplies,Storage,File Cabinet,4,0.1,2545.29,-414.18
ORD-00626,2025-02-13,East,Technology,Phones,Office Phone,6,0.15,894.34,145.17
ORD-00627,2025-12-07,West,Technology,Machines,Scanner,1,0.3,601.72,-47.83
ORD-00628,2024-02-27,Central,Office Supplies,Paper,Printer Paper,2,0.05,1191.3,236.19
ORD-00629,2024-01-12,South,Furniture,Tables,Computer Table,1,0.1,430.12,-58.58
ORD-00630,2025-05-29,East,Furniture,Chairs,Conference Chair,7,0.15,4091.11,192.76
ORD-00631,2024-04-02,East,Office Supplies,Paper,Printer Paper,3,0.05,836.05,22.07
ORD-00632,2024-02-20,South,Office Supplies,Binders,Ring Binder,7,0.3,787.96,-152.04
ORD-00633,2025-07-26,East,Office Supplies,Paper,Notebook Paper,4,0.2,1901.81,206.17
ORD-00634,2024-09-09,East,Furniture,Tables,Conference Table,6,0.3,4111.59,-879
ORD-00635,2025-11-18,South,Office Supplies,Paper,Printer Paper,4,0.1,1126.04,108.65
ORD-00636,2024-11-08,East,Office Supplies,Storage,Storage Box,3,0.15,158.83,25.23
ORD-00637,2024-07-23,Central,Furniture,Bookcases,Wood Bookcase,2,0.3,115.7,21
ORD-00638,2024-05-31,Central,Furniture,Tables,Computer Table,2,0.1,723.54,-140.75
ORD-00639,2024-08-02,East,Furniture,Bookcases,Metal Bookcase,8,0.2,4478.99,-738.94
ORD-00640,2025-12-16,West,Office Supplies,Storage,Desk Organizer,1,0.1,149.03,-11.08
ORD-00641,2025-12-14,Central,Furniture,Tables,Computer Table,1,0,323.14,-17.84
ORD-00642,2025-11-06,Central,Furniture,Chairs,Ergonomic Chair,7,0.05,5421.05,224.59
ORD-00643,2025-12-27,West,Office Supplies,Paper,Notebook Paper,2,0.05,345.87,87.24
ORD-00644,2025-07-28,West,Furniture,Chairs,Conference Chair,5,0.1,1960.47,269.41
ORD-00645,2024-01-19,Central,Technology,Accessories,Mouse,5,0.05,3934.57,1013.74
ORD-00646,2024-10-09,West,Technology,Accessories,Mouse,1,0.2,722.3,-91.18
ORD-00647,2024-12-15,South,Technology,Phones,Smartphone,7,0.2,5115.66,264.61
ORD-00648,2025-10-02,East,Office Supplies,Binders,Presentation Binder,3,0.15,2243.64,450.92
ORD-00649,2024-12-03,South,Technology,Phones,Smartphone,3,0.2,1260.43,174
ORD-00650,2024-05-21,Central,Technology,Machines,Shredder,3,0.15,2300.28,532.19
ORD-00651,2024-05-28,East,Office Supplies,Binders,Presentation Binder,2,0.05,528.76,112.17
ORD-00652,2024-01-31,Central,Office Supplies,Paper,Printer Paper,8,0.3,5537.71,865.54
ORD-00653,2024-10-07,East,Furniture,Chairs,Office Chair,3,0,1844.13,187.2
ORD-00654,2024-09-30,East,Technology,Phones,Smartphone,1,0.1,79.94,12.29
ORD-00655,2024-05-17,South,Technology,Machines,Scanner,3,0.15,1164.61,-179.63
ORD-00656,2024-07-16,East,Furniture,Tables,Office Table,5,0.15,931.66,85.08
ORD-00657,2024-07-26,East,Furniture,Chairs,Ergonomic Chair,8,0.3,2023.3,-90.1
ORD-00658,2024-09-09,South,Office Supplies,Binders,Presentation Binder,7,0.3,1709.79,44.95
ORD-00659,2025-08-08,West,Technology,Phones,Business Phone,8,0,5637.35,-377.52
ORD-00660,2025-07-04,South,Technology,Phones,Office Phone,7,0.2,4101.88,872.85
ORD-00661,2024-07-13,Central,Office Supplies,Paper,Printer Paper,5,0.15,721.2,-59.19
ORD-00662,2024-02-25,East,Office Supplies,Storage,Storage Box,2,0.3,759.45,-130.86
ORD-00663,2025-08-22,East,Office Supplies,Paper,Printer Paper,8,0,1276.2,116.83
ORD-00664,2025-12-30,East,Office Supplies,Binders,Ring Binder,6,0.3,2918.69,210.95
ORD-00665,2024-06-16,West,Furniture,Chairs,Conference Chair,8,0.3,2242.91,-31.5
ORD-00666,2025-01-28,East,Office Supplies,Storage,Storage Box,1,0.05,722.41,48.85
ORD-00667,2025-11-06,East,Furniture,Chairs,Office Chair,1,0.15,250.53,29.66
ORD-00668,2025-04-01,Central,Technology,Phones,Smartphone,3,0.05,67.41,10.76
ORD-00669,2024-01-13,South,Office Supplies,Paper,Notebook Paper,1,0.2,673.08,-81.16
ORD-00670,2025-08-25,South,Office Supplies,Paper,Printer Paper,2,0.2,927.35,-108.9
ORD-00671,2025-07-14,Central,Technology,Machines,Shredder,4,0,656.7,-101.57
ORD-00672,2024-12-23,West,Furniture,Chairs,Conference Chair,5,0.1,3597.26,-656.3
ORD-00673,2025-03-02,East,Furniture,Bookcases,Metal Bookcase,3,0.15,1745.44,-90.44
ORD-00674,2024-02-06,West,Office Supplies,Paper,Printer Paper,7,0,4281.09,890.13
ORD-00675,2024-03-07,Central,Office Supplies,Binders,Premium Binder,5,0.1,2101.62,76.37
ORD-00676,2025-12-13,East,Technology,Phones,Smartphone,2,0.15,1125.7,68.33
ORD-00677,2025-12-24,Central,Office Supplies,Storage,Storage Box,5,0.2,2225.9,126.19
ORD-00678,2024-05-12,South,Technology,Machines,Shredder,8,0.15,5006.73,946.2
ORD-00679,2024-08-26,Central,Furniture,Chairs,Office Chair,1,0.15,488.81,-79.8
ORD-00680,2024-07-31,South,Office Supplies,Binders,Ring Binder,6,0.2,3697.67,-489.29
ORD-00681,2025-10-17,East,Technology,Accessories,Mouse,2,0.1,495.73,23.79
ORD-00682,2024-01-07,West,Technology,Accessories,Mouse,7,0.3,3002.84,560.49
ORD-00683,2024-06-28,East,Office Supplies,Paper,Notebook Paper,8,0.15,4942.31,392.91
ORD-00684,2025-05-08,East,Technology,Accessories,Headset,6,0.15,3646.98,-98.77
ORD-00685,2024-02-27,Central,Technology,Machines,Shredder,6,0.2,2496.55,-335.04
ORD-00686,2025-12-02,Central,Office Supplies,Binders,Premium Binder,5,0,1422.69,-10.51
ORD-00687,2025-07-01,East,Technology,Machines,Scanner,3,0.2,316.75,41.14
ORD-00688,2024-11-11,Central,Technology,Phones,Business Phone,7,0,2853.92,-201.73
ORD-00689,2025-04-07,Central,Furniture,Bookcases,Metal Bookcase,3,0,935.66,-152.32
ORD-00690,2024-07-25,West,Office Supplies,Storage,File Cabinet,8,0.2,1065.37,-78.35
ORD-00691,2025-05-10,Central,Office Supplies,Binders,Premium Binder,3,0.05,1733.55,32.61
ORD-00692,2025-12-31,West,Furniture,Tables,Office Table,2,0.1,749.12,-137.67
ORD-00693,2025-06-17,Central,Furniture,Bookcases,Metal Bookcase,4,0.1,688.09,-50.35
ORD-00694,2025-06-29,Central,Office Supplies,Storage,File Cabinet,5,0.05,705.31,-98.64
ORD-00695,2025-09-29,West,Furniture,Bookcases,Metal Bookcase,6,0.1,762.92,90.79
ORD-00696,2024-10-17,East,Furniture,Chairs,Ergonomic Chair,6,0.2,2086.46,-355.04
ORD-00697,2025-04-27,West,Furniture,Tables,Office Table,2,0.15,626.96,66.87
ORD-00698,2025-08-29,South,Technology,Accessories,Mouse,6,0.05,3413.16,396.27
ORD-00699,2025-06-30,West,Office Supplies,Storage,File Cabinet,2,0.3,712.72,-32.38
ORD-00700,2025-12-01,South,Office Supplies,Binders,Premium Binder,3,0.2,630.65,-39.61
ORD-00701,2024-07-06,Central,Office Supplies,Paper,Printer Paper,1,0,390.76,-7.17
ORD-00702,2025-04-17,East,Office Supplies,Paper,Notebook Paper,3,0.2,285.82,41.75
ORD-00703,2024-04-19,Central,Technology,Machines,Printer,5,0.2,1802.91,75.08
ORD-00704,2024-09-01,East,Technology,Phones,Business Phone,7,0,2000.3,388.86
ORD-00705,2025-08-28,South,Office Supplies,Storage,Storage Box,4,0.05,2120.51,-332.22
ORD-00706,2025-12-29,South,Furniture,Bookcases,Metal Bookcase,6,0.2,548.17,-13.81
ORD-00707,2024-11-11,South,Furniture,Bookcases,Wood Bookcase,7,0.1,2767.88,273.12
ORD-00708,2024-04-02,East,Furniture,Bookcases,Wood Bookcase,3,0.3,378.48,-4.02
ORD-00709,2025-02-03,South,Furniture,Chairs,Conference Chair,6,0.1,2719.17,584.82
ORD-00710,2024-11-07,South,Technology,Accessories,Keyboard,1,0.2,749.94,-33.05
ORD-00711,2024-05-10,Central,Furniture,Tables,Computer Table,1,0,568.62,112.33
ORD-00712,2025-01-02,West,Office Supplies,Binders,Premium Binder,7,0.3,3110.12,101.39
ORD-00713,2025-12-29,South,Office Supplies,Paper,Printer Paper,4,0.3,574.46,-109.74
ORD-00714,2025-07-22,South,Office Supplies,Paper,Copy Paper,5,0.3,545.42,-136.17
ORD-00715,2025-10-25,West,Furniture,Bookcases,Metal Bookcase,7,0.05,594.73,61.22
ORD-00716,2025-03-01,South,Technology,Machines,Scanner,3,0.15,1205.08,43.92
ORD-00717,2025-04-05,South,Office Supplies,Binders,Premium Binder,7,0.2,171.54,-0.15
ORD-00718,2024-08-30,Central,Office Supplies,Storage,Desk Organizer,6,0,4698.13,382.19
ORD-00719,2025-12-22,Central,Furniture,Bookcases,Metal Bookcase,2,0.05,1164.35,57.81
ORD-00720,2024-10-13,South,Technology,Phones,Office Phone,2,0.05,767.31,114.08
ORD-00721,2025-11-15,West,Technology,Machines,Shredder,5,0.2,290.53,-20.91
ORD-00722,2024-01-12,South,Office Supplies,Storage,Storage Box,6,0.15,1705.2,396.07
ORD-00723,2024-10-28,Central,Furniture,Chairs,Conference Chair,5,0.3,2924.47,-395.38
ORD-00724,2025-10-06,South,Technology,Phones,Office Phone,1,0.3,733.05,85.83
ORD-00725,2025-10-01,West,Office Supplies,Paper,Copy Paper,3,0.2,227.86,29.74
ORD-00726,2024-09-15,East,Technology,Accessories,Mouse,5,0,2991.57,292.45
ORD-00727,2025-08-28,East,Technology,Accessories,Mouse,3,0.1,1843.84,-177.65
ORD-00728,2024-07-04,West,Office Supplies,Binders,Premium Binder,3,0.15,1753.16,-48.29
ORD-00729,2025-01-27,East,Technology,Accessories,Headset,3,0.05,1394.3,271.53
ORD-00730,2024-02-25,Central,Furniture,Chairs,Office Chair,8,0.15,3014.25,4.77
ORD-00731,2025-06-29,East,Office Supplies,Storage,Desk Organizer,7,0.15,1514.91,40.15
ORD-00732,2025-03-21,West,Office Supplies,Paper,Printer Paper,6,0.2,3150.07,-665.08
ORD-00733,2025-06-28,Central,Office Supplies,Storage,Desk Organizer,5,0.1,1125.42,184.64
ORD-00734,2024-09-18,South,Office Supplies,Storage,Desk Organizer,4,0.3,2013.07,200.16
ORD-00735,2025-06-16,Central,Technology,Machines,Printer,6,0.2,161.03,-36.41
ORD-00736,2024-03-10,West,Office Supplies,Binders,Presentation Binder,2,0.3,680.49,-104.84
ORD-00737,2024-10-17,Central,Furniture,Chairs,Office Chair,2,0,1504.07,183.55
ORD-00738,2024-08-10,West,Technology,Phones,Smartphone,3,0.15,1536.11,301.77
ORD-00739,2025-08-02,East,Furniture,Bookcases,Wood Bookcase,5,0.1,1873.1,422.65
ORD-00740,2025-10-16,South,Office Supplies,Paper,Notebook Paper,6,0.1,856.05,-146.35
ORD-00741,2024-03-04,South,Office Supplies,Paper,Copy Paper,5,0.1,774.08,-133.98
ORD-00742,2024-07-24,South,Furniture,Bookcases,Metal Bookcase,2,0.05,872.34,5.13
ORD-00743,2025-09-20,West,Office Supplies,Storage,Storage Box,2,0,153.75,12.73
ORD-00744,2024-09-13,South,Furniture,Tables,Office Table,1,0,538.39,-30.92
ORD-00745,2025-12-17,Central,Office Supplies,Storage,File Cabinet,8,0.15,2772.96,473.52
ORD-00746,2024-03-12,East,Furniture,Tables,Computer Table,8,0,3699.6,925.34
ORD-00747,2025-01-02,Central,Technology,Accessories,Mouse,1,0.3,737.85,31.47
ORD-00748,2025-01-09,Central,Furniture,Tables,Conference Table,4,0.05,1787.34,451.4
ORD-00749,2025-11-07,East,Office Supplies,Storage,Storage Box,2,0.3,1031,-32.18
ORD-00750,2025-10-09,South,Technology,Phones,Smartphone,1,0.05,39.29,10.44
ORD-00751,2024-09-01,South,Office Supplies,Binders,Presentation Binder,5,0.15,2100.53,349.22
ORD-00752,2025-04-05,West,Furniture,Tables,Office Table,6,0.3,296.34,-59.46
ORD-00753,2025-10-31,South,Technology,Machines,Printer,4,0,195.06,-22.41
ORD-00754,2025-10-31,West,Office Supplies,Storage,File Cabinet,4,0.3,1946.4,-483.47
ORD-00755,2025-10-09,West,Office Supplies,Binders,Ring Binder,3,0.2,199.18,29.09
ORD-00756,2024-04-26,South,Technology,Machines,Printer,2,0.05,696.08,125.85
ORD-00757,2025-11-25,South,Office Supplies,Binders,Presentation Binder,3,0.1,1966.81,314.35
ORD-00758,2024-02-16,East,Office Supplies,Binders,Premium Binder,5,0.05,3016.26,-347.46
ORD-00759,2025-01-13,East,Office Supplies,Binders,Presentation Binder,1,0.05,96.75,19.09
ORD-00760,2025-09-19,South,Furniture,Chairs,Ergonomic Chair,2,0,51.27,12.61
ORD-00761,2025-12-24,Central,Office Supplies,Storage,Storage Box,3,0.05,389.89,-26.46
ORD-00762,2025-04-06,South,Furniture,Chairs,Conference Chair,1,0.2,152.38,-0.01
ORD-00763,2024-03-31,Central,Office Supplies,Paper,Copy Paper,4,0.05,441.04,22.67
ORD-00764,2024-04-07,Central,Technology,Machines,Printer,8,0.3,3953.64,-505.45
ORD-00765,2024-07-17,West,Furniture,Bookcases,Metal Bookcase,8,0.05,1142.44,264.97
ORD-00766,2024-02-25,Central,Office Supplies,Binders,Ring Binder,5,0.1,2442.96,499.43
ORD-00767,2025-04-09,West,Furniture,Bookcases,Wood Bookcase,3,0.05,1874.33,57.41
ORD-00768,2024-04-28,West,Furniture,Bookcases,Metal Bookcase,6,0.15,1010.78,94.86
ORD-00769,2024-11-29,East,Furniture,Tables,Office Table,2,0.05,1176,244.19
ORD-00770,2025-01-19,East,Furniture,Tables,Computer Table,8,0,5716.65,-647.85
ORD-00771,2025-09-16,South,Furniture,Tables,Conference Table,3,0.15,1678.97,122.95
ORD-00772,2024-10-03,East,Office Supplies,Binders,Premium Binder,1,0.1,123.31,23.03
ORD-00773,2025-04-14,South,Furniture,Tables,Office Table,5,0.2,675.9,91.58
ORD-00774,2025-09-18,East,Technology,Machines,Printer,2,0.15,1325.25,9.99
ORD-00775,2024-08-09,South,Office Supplies,Paper,Copy Paper,7,0.3,4536.56,-639.64
ORD-00776,2025-03-20,East,Technology,Phones,Office Phone,1,0.15,755.12,-150.32
ORD-00777,2025-04-26,West,Office Supplies,Storage,Storage Box,8,0.3,4888.49,-229.16
ORD-00778,2024-09-03,West,Technology,Phones,Office Phone,7,0.05,853.8,-48.19
ORD-00779,2025-10-25,West,Furniture,Tables,Computer Table,5,0.05,2807.35,567.49
ORD-00780,2025-08-20,West,Office Supplies,Paper,Copy Paper,7,0.05,4396.97,-97.2
ORD-00781,2025-04-20,West,Technology,Phones,Business Phone,6,0.2,259.45,-8.84
ORD-00782,2024-10-03,East,Technology,Phones,Office Phone,6,0.3,4146.68,-75.56
ORD-00783,2025-11-21,Central,Furniture,Chairs,Ergonomic Chair,6,0.15,2904.39,-143.29
ORD-00784,2024-06-28,West,Technology,Machines,Printer,3,0.1,602.94,-92.11
ORD-00785,2025-05-04,East,Technology,Phones,Business Phone,6,0.1,2414.77,-25.24
ORD-00786,2024-02-25,West,Office Supplies,Paper,Printer Paper,8,0.2,3274.17,-568.24
ORD-00787,2025-12-27,Central,Office Supplies,Storage,Storage Box,2,0.05,1413.48,25.62
ORD-00788,2024-03-23,South,Furniture,Tables,Office Table,2,0.05,464.59,59.54
ORD-00789,2025-05-23,East,Furniture,Bookcases,Wood Bookcase,5,0.15,3735.79,117.9
ORD-00790,2024-05-15,South,Office Supplies,Paper,Printer Paper,1,0.1,163.28,-31.82
ORD-00791,2024-08-25,Central,Office Supplies,Storage,Storage Box,6,0.15,2788.28,287.35
ORD-00792,2025-07-15,South,Office Supplies,Paper,Notebook Paper,3,0.1,450.32,-38.46
ORD-00793,2025-05-10,Central,Office Supplies,Binders,Premium Binder,6,0.1,2197.39,-282.31
ORD-00794,2024-06-13,Central,Furniture,Chairs,Conference Chair,3,0.05,608.99,-105.7
ORD-00795,2024-11-20,East,Office Supplies,Paper,Printer Paper,3,0.05,1359.02,-239.93
ORD-00796,2024-11-20,Central,Furniture,Tables,Conference Table,3,0.2,727.37,140.67
ORD-00797,2025-02-18,South,Furniture,Tables,Conference Table,3,0,2330.15,165.97
ORD-00798,2025-06-03,Central,Technology,Machines,Scanner,8,0.1,6055.08,859.3
ORD-00799,2025-08-10,East,Technology,Machines,Scanner,6,0.3,597.21,-20.7
ORD-00800,2024-02-11,East,Technology,Machines,Printer,5,0,1666.36,344.61
ORD-00801,2025-04-01,Central,Furniture,Tables,Office Table,4,0.2,1636.35,211.73
ORD-00802,2024-10-11,East,Furniture,Chairs,Conference Chair,8,0.3,4024.23,-864.43
ORD-00803,2025-06-08,South,Furniture,Tables,Conference Table,1,0.3,279.01,-52.16
ORD-00804,2025-03-13,Central,Office Supplies,Paper,Copy Paper,5,0.1,1433.53,350.73
ORD-00805,2025-07-28,West,Furniture,Bookcases,Metal Bookcase,7,0.15,1651.59,252.87
ORD-00806,2025-03-10,South,Furniture,Bookcases,Wood Bookcase,3,0.05,759.94,199.22
ORD-00807,2025-06-21,Central,Furniture,Bookcases,Metal Bookcase,2,0,678.76,163.33
ORD-00808,2025-02-28,East,Technology,Accessories,Headset,3,0.05,489.06,-8.26
ORD-00809,2025-07-21,South,Furniture,Tables,Computer Table,5,0.15,2195.65,-9.47
ORD-00810,2024-01-28,West,Furniture,Tables,Conference Table,8,0,4239.79,977.85
ORD-00811,2025-03-03,East,Office Supplies,Storage,Desk Organizer,4,0,452.39,-23.74
ORD-00812,2024-03-09,Central,Technology,Accessories,Headset,7,0.1,3479.64,48.64
ORD-00813,2025-12-11,West,Office Supplies,Storage,Desk Organizer,1,0.1,143.35,-25.53
ORD-00814,2024-11-23,South,Technology,Phones,Business Phone,3,0,698.05,9.06
ORD-00815,2024-12-30,West,Office Supplies,Paper,Notebook Paper,2,0.2,325.23,19.15
ORD-00816,2024-04-06,East,Technology,Accessories,Mouse,5,0.1,2703.9,301.86
ORD-00817,2024-04-08,Central,Furniture,Chairs,Office Chair,5,0.1,3058.92,-47.36
ORD-00818,2024-06-15,West,Furniture,Chairs,Conference Chair,4,0.05,2528.72,163.06
ORD-00819,2025-12-07,West,Office Supplies,Paper,Copy Paper,2,0.05,1462.01,41.05
ORD-00820,2024-11-15,Central,Furniture,Tables,Computer Table,6,0.05,3399.28,-609.39
ORD-00821,2024-05-01,East,Furniture,Bookcases,Wood Bookcase,4,0.1,459.3,-66.64
ORD-00822,2024-03-21,South,Technology,Phones,Smartphone,1,0.15,587.82,-116.35
ORD-00823,2024-04-20,West,Technology,Machines,Shredder,1,0.15,108.53,-10.97
ORD-00824,2024-03-08,Central,Technology,Phones,Smartphone,2,0.2,342.4,63.19
ORD-00825,2024-07-08,Central,Furniture,Chairs,Office Chair,5,0.2,1383.73,-216.06
ORD-00826,2025-05-27,East,Technology,Machines,Printer,2,0.2,1169.13,15.51
ORD-00827,2024-07-15,Central,Furniture,Bookcases,Wood Bookcase,2,0.05,1457.5,290.18
ORD-00828,2025-05-01,Central,Technology,Machines,Printer,8,0.3,5676.12,-975.21
ORD-00829,2024-12-29,South,Office Supplies,Binders,Presentation Binder,4,0.15,415.87,97.9
ORD-00830,2024-05-06,South,Furniture,Bookcases,Wood Bookcase,8,0.1,4443.58,227.87
ORD-00831,2024-02-11,West,Office Supplies,Paper,Copy Paper,7,0.1,2569.05,343.33
ORD-00832,2025-12-04,South,Furniture,Bookcases,Metal Bookcase,5,0.15,804.9,-149.29
ORD-00833,2025-05-02,Central,Furniture,Chairs,Conference Chair,8,0.3,755.05,-40.39
ORD-00834,2025-11-05,West,Furniture,Chairs,Ergonomic Chair,7,0.3,3112.11,-647.97
ORD-00835,2024-06-21,West,Office Supplies,Binders,Ring Binder,4,0.2,2577.7,-113.49
ORD-00836,2024-08-26,South,Technology,Accessories,Mouse,5,0.3,3495.18,-318.74
ORD-00837,2025-11-13,South,Office Supplies,Storage,Storage Box,3,0.15,301.08,-30.77
ORD-00838,2025-05-24,East,Technology,Phones,Smartphone,2,0.3,113.27,-25.33
ORD-00839,2025-11-25,West,Furniture,Tables,Computer Table,6,0.05,1517.67,142.94
ORD-00840,2024-03-19,South,Office Supplies,Binders,Ring Binder,8,0.15,3185.8,102.01
ORD-00841,2025-07-07,West,Furniture,Tables,Office Table,7,0.15,1787.84,-79.35
ORD-00842,2025-04-15,West,Furniture,Chairs,Conference Chair,5,0.3,684.65,-38.95
ORD-00843,2024-11-15,South,Office Supplies,Binders,Presentation Binder,8,0.3,3344.44,-23.01
ORD-00844,2025-04-26,South,Technology,Phones,Office Phone,1,0.15,216.99,11.8
ORD-00845,2025-01-21,Central,Office Supplies,Paper,Copy Paper,1,0.2,52.43,8.13
ORD-00846,2024-12-23,West,Technology,Accessories,Mouse,2,0.15,556.73,-29.57
ORD-00847,2024-12-25,West,Technology,Phones,Smartphone,4,0.3,974.72,-210.47
ORD-00848,2025-12-05,West,Office Supplies,Binders,Ring Binder,3,0,1319.9,-214.89
ORD-00849,2025-11-04,South,Technology,Machines,Scanner,5,0,2814.24,254.62
ORD-00850,2024-11-20,South,Technology,Accessories,Mouse,2,0.15,188.74,17.56
ORD-00851,2024-12-10,South,Technology,Machines,Scanner,3,0.2,722.83,156.09
ORD-00852,2024-07-25,South,Technology,Phones,Office Phone,4,0.1,884.6,-60.36
ORD-00853,2025-08-10,South,Furniture,Bookcases,Wood Bookcase,2,0.2,537.19,-106.93
ORD-00854,2025-06-27,South,Office Supplies,Binders,Ring Binder,2,0.3,1225.66,-28.03
ORD-00855,2024-11-03,South,Technology,Machines,Scanner,4,0.15,1285.11,89.94
ORD-00856,2025-04-09,East,Furniture,Bookcases,Wood Bookcase,8,0.05,4229.89,788.86
ORD-00857,2025-04-23,Central,Technology,Machines,Shredder,7,0.2,3901.95,-789.97
ORD-00858,2024-07-24,Central,Office Supplies,Binders,Premium Binder,3,0.3,1538.85,-179.85
ORD-00859,2025-03-21,South,Office Supplies,Binders,Presentation Binder,4,0.15,878.61,-75.09
ORD-00860,2024-06-13,Central,Technology,Machines,Printer,7,0.05,750.53,-78.22
ORD-00861,2024-09-08,Central,Office Supplies,Paper,Notebook Paper,7,0.15,3534.49,-708.59
ORD-00862,2024-06-12,Central,Furniture,Chairs,Ergonomic Chair,5,0.3,2079.17,86.03
ORD-00863,2024-02-13,South,Furniture,Chairs,Office Chair,6,0.2,1438.82,-288.85
ORD-00864,2025-02-20,Central,Technology,Machines,Printer,7,0.3,4385.81,-642.17
ORD-00865,2025-08-07,West,Technology,Machines,Shredder,5,0.15,3416.69,-368.95
ORD-00866,2024-05-05,Central,Office Supplies,Storage,Desk Organizer,7,0.3,3886.86,681.48
ORD-00867,2024-08-11,East,Furniture,Chairs,Office Chair,5,0.15,1629.19,292.33
ORD-00868,2024-02-27,South,Technology,Accessories,Headset,2,0.1,869.08,11.67
ORD-00869,2024-09-09,Central,Furniture,Tables,Conference Table,6,0.1,213.16,51.1
ORD-00870,2025-09-12,West,Technology,Machines,Printer,4,0.1,1759.4,-110.38
ORD-00871,2025-12-18,Central,Technology,Phones,Office Phone,4,0.15,1243.58,249.96
ORD-00872,2025-02-06,Central,Office Supplies,Binders,Premium Binder,5,0.05,3408.58,-404.92
ORD-00873,2025-03-25,Central,Technology,Accessories,Keyboard,5,0,3310.47,836.32
ORD-00874,2025-04-27,South,Office Supplies,Storage,Storage Box,2,0.05,1115.51,45.08
ORD-00875,2024-12-26,South,Technology,Machines,Shredder,6,0.15,3247.07,431.89
ORD-00876,2025-10-18,East,Technology,Accessories,Headset,3,0,997.55,108.75
ORD-00877,2024-11-17,West,Furniture,Chairs,Office Chair,3,0.2,1581.43,212.88
ORD-00878,2024-11-23,South,Office Supplies,Storage,File Cabinet,5,0.05,2746.36,515.8
ORD-00879,2024-10-15,East,Furniture,Tables,Conference Table,3,0.15,2031.6,441.04
ORD-00880,2025-08-07,East,Furniture,Chairs,Conference Chair,4,0,3119.28,-276.98
ORD-00881,2025-12-19,East,Furniture,Tables,Computer Table,7,0.2,1482.44,-280.23
ORD-00882,2025-01-11,East,Technology,Phones,Smartphone,7,0.15,4482.19,43.96
ORD-00883,2024-08-17,East,Furniture,Tables,Conference Table,8,0.15,935.98,165.12
ORD-00884,2025-09-06,East,Office Supplies,Storage,Desk Organizer,4,0.15,618.65,90.96
ORD-00885,2024-01-30,Central,Office Supplies,Binders,Presentation Binder,8,0.05,2435.71,297.8
ORD-00886,2025-04-14,West,Furniture,Tables,Office Table,6,0.3,1832.01,-288.32
ORD-00887,2025-01-27,South,Technology,Machines,Scanner,2,0,908.92,-141.82
ORD-00888,2024-08-28,South,Office Supplies,Storage,Desk Organizer,1,0,217.85,22.88
ORD-00889,2024-11-05,South,Technology,Accessories,Keyboard,1,0.2,151.91,-23.07
ORD-00890,2025-05-19,Central,Office Supplies,Binders,Premium Binder,6,0.3,2407.2,-456.82
ORD-00891,2024-04-29,Central,Furniture,Chairs,Ergonomic Chair,5,0.3,1393.34,-79.64
ORD-00892,2024-09-26,Central,Technology,Accessories,Mouse,3,0.1,1739.67,36.51
ORD-00893,2024-06-03,South,Furniture,Chairs,Office Chair,1,0.05,160.81,3.83
ORD-00894,2024-06-16,South,Office Supplies,Binders,Ring Binder,1,0.15,286.91,31.17
ORD-00895,2025-05-11,South,Office Supplies,Binders,Presentation Binder,3,0,878.07,-75.76
ORD-00896,2024-10-17,East,Furniture,Bookcases,Metal Bookcase,4,0.2,3034.09,-692.08
ORD-00897,2025-08-07,East,Office Supplies,Binders,Premium Binder,8,0.3,692.33,-71.88
ORD-00898,2024-10-18,West,Office Supplies,Paper,Notebook Paper,2,0.1,272.89,-45.77
ORD-00899,2025-12-25,South,Office Supplies,Storage,Storage Box,1,0.1,757.01,73.31
ORD-00900,2025-04-08,Central,Technology,Machines,Shredder,3,0.05,2054.07,361.96
ORD-00901,2024-10-16,Central,Furniture,Bookcases,Wood Bookcase,7,0,2317.77,-227.41
ORD-00902,2025-02-12,West,Furniture,Chairs,Office Chair,7,0.15,1632.16,210.02
ORD-00903,2025-10-31,East,Furniture,Tables,Conference Table,7,0.3,4201.99,-472.11
ORD-00904,2025-12-02,East,Office Supplies,Storage,File Cabinet,6,0.2,1002.63,-25.16
ORD-00905,2025-02-01,South,Office Supplies,Storage,Desk Organizer,7,0,4270.44,824.44
ORD-00906,2025-09-20,East,Office Supplies,Storage,Storage Box,2,0,840.81,225.09
ORD-00907,2025-11-23,East,Technology,Machines,Shredder,3,0.15,1245.31,99.9
ORD-00908,2024-03-26,Central,Office Supplies,Paper,Copy Paper,8,0.1,1060.12,-155.01
ORD-00909,2024-11-03,East,Technology,Accessories,Mouse,1,0.2,75.71,-15.84
ORD-00910,2024-04-20,South,Office Supplies,Binders,Ring Binder,5,0.1,1066.61,-178.54
ORD-00911,2025-05-30,West,Furniture,Bookcases,Metal Bookcase,3,0.05,2007,-344.56
ORD-00912,2025-03-02,Central,Office Supplies,Storage,Desk Organizer,8,0.3,2745.1,320.09
ORD-00913,2024-12-15,East,Furniture,Chairs,Office Chair,5,0.3,476.09,-4.37
ORD-00914,2024-01-06,South,Furniture,Chairs,Office Chair,8,0.15,4308.99,784.84
ORD-00915,2025-09-08,South,Office Supplies,Storage,Desk Organizer,6,0.3,3027.89,189.35
ORD-00916,2025-02-08,Central,Furniture,Chairs,Office Chair,1,0.05,105.95,-19.62
ORD-00917,2024-07-11,West,Furniture,Tables,Computer Table,3,0.3,578.83,76.61
ORD-00918,2025-07-05,East,Furniture,Tables,Conference Table,3,0.15,1007.93,-165.23
ORD-00919,2024-06-05,South,Office Supplies,Paper,Copy Paper,8,0.2,1590.31,-150.09
ORD-00920,2025-02-05,West,Office Supplies,Binders,Premium Binder,7,0.15,4594.44,558.48
ORD-00921,2025-09-02,Central,Furniture,Tables,Conference Table,8,0.2,3655.68,187.49
ORD-00922,2025-11-25,South,Furniture,Bookcases,Wood Bookcase,1,0.15,451.98,16.72
ORD-00923,2024-10-01,South,Office Supplies,Binders,Ring Binder,6,0.15,3257.45,-677.32
ORD-00924,2024-10-21,East,Office Supplies,Paper,Printer Paper,4,0.2,727.2,136.84
ORD-00925,2024-12-13,South,Furniture,Tables,Computer Table,7,0.15,4512.8,415.76
ORD-00926,2025-01-03,South,Furniture,Bookcases,Wood Bookcase,5,0.3,2795.43,144.93
ORD-00927,2024-05-12,East,Furniture,Chairs,Conference Chair,8,0,5111.33,1297.28
ORD-00928,2025-05-20,Central,Furniture,Chairs,Conference Chair,1,0,299.85,-18
ORD-00929,2025-11-24,East,Furniture,Bookcases,Wood Bookcase,2,0.1,693.97,54.88
ORD-00930,2024-05-03,East,Office Supplies,Paper,Printer Paper,6,0,3724.04,283.88
ORD-00931,2024-06-03,West,Technology,Phones,Business Phone,8,0,6241.88,1120.79
ORD-00932,2025-09-16,West,Technology,Phones,Office Phone,2,0.05,1009.9,210.16
ORD-00933,2025-01-05,East,Technology,Accessories,Headset,8,0.2,3106.46,529.42
ORD-00934,2024-06-06,Central,Office Supplies,Binders,Premium Binder,4,0.15,2988.82,407.5
ORD-00935,2024-01-07,East,Office Supplies,Paper,Printer Paper,3,0,682.48,101.68
ORD-00936,2025-02-28,Central,Technology,Machines,Printer,3,0.2,994.49,-124.35
ORD-00937,2025-03-15,South,Office Supplies,Paper,Notebook Paper,6,0,2191.27,381.87
ORD-00938,2025-06-13,West,Furniture,Tables,Conference Table,7,0.05,2478.66,-28.75
ORD-00939,2024-02-07,East,Technology,Phones,Office Phone,5,0.15,1605.27,153.63
ORD-00940,2025-07-20,Central,Technology,Machines,Scanner,6,0,3990.38,934.13
ORD-00941,2025-09-17,East,Technology,Accessories,Mouse,4,0.2,1926.6,104.74
ORD-00942,2025-03-28,Central,Technology,Accessories,Keyboard,5,0,244.18,-6.38
ORD-00943,2024-05-09,Central,Furniture,Chairs,Conference Chair,5,0.2,1357.33,84.72
ORD-00944,2024-01-24,West,Technology,Machines,Scanner,4,0.1,2288.04,569.72
ORD-00945,2024-04-23,West,Office Supplies,Paper,Notebook Paper,6,0,343.39,41.02
ORD-00946,2024-05-07,South,Office Supplies,Storage,Desk Organizer,1,0.15,273.74,-29.81
ORD-00947,2025-08-18,East,Office Supplies,Paper,Printer Paper,3,0.3,872.96,73.55
ORD-00948,2024-04-17,Central,Technology,Machines,Printer,6,0.15,556.89,61.18
ORD-00949,2025-02-25,West,Furniture,Chairs,Ergonomic Chair,3,0.15,541.5,-98.33
ORD-00950,2025-11-24,South,Technology,Machines,Shredder,7,0.1,3247.04,285
ORD-00951,2025-03-26,South,Technology,Accessories,Keyboard,3,0.2,339.6,32.99
ORD-00952,2024-05-12,West,Technology,Phones,Business Phone,8,0,4818.14,1225.12
ORD-00953,2025-01-13,West,Technology,Accessories,Keyboard,2,0.1,908.65,-169.44
ORD-00954,2024-06-05,West,Office Supplies,Paper,Printer Paper,5,0.1,1945.23,309.2
ORD-00955,2024-05-25,South,Furniture,Tables,Conference Table,4,0.05,2602.72,84.19
ORD-00956,2024-05-05,Central,Furniture,Chairs,Ergonomic Chair,8,0.2,1987.91,-43.55
ORD-00957,2024-12-11,South,Office Supplies,Storage,Desk Organizer,3,0.05,1225.63,23.94
ORD-00958,2025-04-05,South,Furniture,Bookcases,Metal Bookcase,2,0.2,1022.79,-42.52
ORD-00959,2024-08-26,South,Office Supplies,Storage,File Cabinet,8,0.3,1749.01,-374.77
ORD-00960,2024-06-18,West,Technology,Machines,Shredder,5,0.2,2485.32,164.53
ORD-00961,2024-03-28,East,Technology,Machines,Shredder,1,0.2,405.62,46.75
ORD-00962,2025-05-29,West,Furniture,Bookcases,Wood Bookcase,1,0.1,617.83,-56.94
ORD-00963,2025-12-23,South,Furniture,Bookcases,Metal Bookcase,7,0.2,366.33,61
ORD-00964,2024-01-24,Central,Office Supplies,Binders,Ring Binder,1,0.2,254.18,-28.39
ORD-00965,2024-04-27,West,Technology,Phones,Business Phone,3,0.05,649.77,-98.29
ORD-00966,2024-11-10,South,Technology,Phones,Smartphone,6,0.05,244.07,-40.42
ORD-00967,2025-02-03,West,Office Supplies,Binders,Ring Binder,6,0.1,1830.47,321.73
ORD-00968,2024-05-03,West,Furniture,Chairs,Conference Chair,4,0.15,1604.39,23.32
ORD-00969,2024-04-27,Central,Furniture,Tables,Conference Table,7,0,2783.58,20.73
ORD-00970,2024-08-27,West,Office Supplies,Storage,Desk Organizer,2,0.05,1214.87,130.25
ORD-00971,2024-05-08,Central,Technology,Accessories,Mouse,2,0.3,759.12,79.8
ORD-00972,2024-05-25,Central,Technology,Phones,Smartphone,7,0.2,2476.19,-568.38
ORD-00973,2025-04-20,Central,Technology,Phones,Smartphone,1,0.15,224.43,-22.91
ORD-00974,2025-11-27,South,Office Supplies,Storage,File Cabinet,5,0,729.52,47.92
ORD-00975,2024-03-12,Central,Furniture,Tables,Computer Table,2,0.05,1156.48,308.73
ORD-00976,2025-03-18,East,Technology,Machines,Scanner,6,0.3,1242.43,113.36
ORD-00977,2025-04-08,Central,Furniture,Bookcases,Metal Bookcase,6,0.05,2243.46,186.83
ORD-00978,2024-01-17,East,Technology,Phones,Office Phone,8,0,5785.02,748.84
ORD-00979,2025-02-27,South,Office Supplies,Storage,File Cabinet,2,0.2,83.86,12.81
ORD-00980,2025-11-18,South,Technology,Phones,Business Phone,7,0.2,1989.77,-295.47
ORD-00981,2025-12-14,West,Furniture,Tables,Conference Table,4,0.15,105.12,13.07
ORD-00982,2024-10-14,Central,Furniture,Chairs,Conference Chair,5,0.3,890.29,174.37
ORD-00983,2025-01-06,West,Office Supplies,Paper,Notebook Paper,4,0,691.79,136.78
ORD-00984,2025-02-09,West,Office Supplies,Storage,Desk Organizer,8,0.05,3558.1,395.04
ORD-00985,2025-08-02,East,Furniture,Bookcases,Wood Bookcase,2,0.05,439.45,30.61
ORD-00986,2024-08-21,Central,Furniture,Bookcases,Wood Bookcase,5,0.3,2113.12,-97.61
ORD-00987,2025-03-13,West,Office Supplies,Paper,Printer Paper,5,0,2752.68,95.33
ORD-00988,2025-01-05,West,Technology,Phones,Smartphone,5,0.15,2094.79,-150.88
ORD-00989,2025-02-05,East,Office Supplies,Binders,Presentation Binder,1,0.3,181.29,11.27
ORD-00990,2024-03-17,East,Furniture,Chairs,Ergonomic Chair,5,0,2541.38,-344.37
ORD-00991,2025-05-06,South,Furniture,Bookcases,Metal Bookcase,5,0.05,514.07,-42.59
ORD-00992,2024-12-14,West,Office Supplies,Storage,File Cabinet,2,0.2,956.2,116.16
ORD-00993,2025-10-02,South,Technology,Phones,Smartphone,1,0,314.37,72.13
ORD-00994,2025-12-11,West,Furniture,Chairs,Ergonomic Chair,1,0.1,483.97,-3.08
ORD-00995,2024-04-14,West,Technology,Phones,Business Phone,7,0.15,638.36,81.97
ORD-00996,2024-08-26,West,Office Supplies,Paper,Printer Paper,7,0.2,3344.95,-246.78
ORD-00997,2025-11-22,West,Office Supplies,Storage,Storage Box,4,0,400.39,37.55
ORD-00998,2024-03-10,East,Technology,Phones,Office Phone,5,0.1,1698.38,217.95
ORD-00999,2025-03-31,East,Furniture,Chairs,Office Chair,1,0.05,259.81,2.08
ORD-01000,2025-10-29,Central,Office Supplies,Storage,Desk Organizer,3,0.05,1144.2,97.29
